Id,Date,Total_Steps,Total_Distance,Tracker_Distance,Very_Active_Distance,Moderately_Active_Distance,Sedentary_Active_Distance,Very_Active_Minutes,Fairly_Active_Minutes,Lightly_Active_Minutes,Sedentary_Minutes,Calories,Total_Sleep_Records,Total_Minutes_Asleep,Total_Bed_Time
1503960366,12/04/2016,13162,8.5,8.5,1.879999995,0.550000012,0,25,13,328,728,1985,1,327,346
1503960366,13/04/2016,10735,6.96999979,6.96999979,1.570000052,0.689999998,0,21,19,217,776,1797,2,384,407
1503960366,14/04/2016,10460,6.739999771,6.739999771,2.440000057,0.400000006,0,30,11,181,1218,1776,0,0,0
1503960366,15/04/2016,9762,6.28000021,6.28000021,2.140000105,1.25999999,0,29,34,209,726,1745,1,412,442
1503960366,16/04/2016,12669,8.159999847,8.159999847,2.710000038,0.409999996,0,36,10,221,773,1863,2,340,367
1503960366,17/04/2016,9705,6.480000019,6.480000019,3.190000057,0.779999971,0,38,20,164,539,1728,1,700,712
1503960366,18/04/2016,13019,8.590000153,8.590000153,3.25,0.639999986,0,42,16,233,1149,1921,0,0,0
1503960366,19/04/2016,15506,9.880000114,9.880000114,3.529999971,1.320000052,0,50,31,264,775,2035,1,304,320
1503960366,20/04/2016,10544,6.679999828,6.679999828,1.960000038,0.479999989,0,28,12,205,818,1786,1,360,377
1503960366,21/04/2016,9819,6.340000153,6.340000153,1.340000033,0.349999994,0,19,8,211,838,1775,1,325,364
1503960366,22/04/2016,12764,8.130000114,8.130000114,4.760000229,1.120000005,0,66,27,130,1217,1827,0,0,0
1503960366,23/04/2016,14371,9.039999962,9.039999962,2.809999943,0.870000005,0,41,21,262,732,1949,1,361,384
1503960366,24/04/2016,10039,6.409999847,6.409999847,2.920000076,0.209999993,0,39,5,238,709,1788,1,430,449
1503960366,25/04/2016,15355,9.800000191,9.800000191,5.289999962,0.569999993,0,73,14,216,814,2013,1,277,323
1503960366,26/04/2016,13755,8.789999962,8.789999962,2.329999924,0.920000017,0,31,23,279,833,1970,1,245,274
1503960366,27/04/2016,18134,12.21000004,12.21000004,6.400000095,0.409999996,0,78,11,243,1108,2159,0,0,0
1503960366,28/04/2016,13154,8.529999733,8.529999733,3.539999962,1.159999967,0,48,28,189,782,1898,1,366,393
1503960366,29/04/2016,11181,7.150000095,7.150000095,1.059999943,0.5,0,16,12,243,815,1837,1,341,354
1503960366,30/04/2016,14673,9.25,9.25,3.559999943,1.419999957,0,52,34,217,712,1947,1,404,425
1503960366,01/05/2016,10602,6.809999943,6.809999943,2.289999962,1.600000024,0,33,35,246,730,1820,1,369,396
1503960366,02/05/2016,14727,9.710000038,9.710000038,3.210000038,0.569999993,0,41,15,277,798,2004,1,277,309
1503960366,03/05/2016,15103,9.659999847,9.659999847,3.730000019,1.049999952,0,50,24,254,816,1990,1,273,296
1503960366,04/05/2016,11100,7.150000095,7.150000095,2.460000038,0.870000005,0,36,22,203,1179,1819,0,0,0
1503960366,05/05/2016,14070,8.899999619,8.899999619,2.920000076,1.080000043,0,45,24,250,857,1959,1,247,264
1503960366,06/05/2016,12159,8.029999733,8.029999733,1.970000029,0.25,0,24,6,289,754,1896,1,334,367
1503960366,07/05/2016,11992,7.710000038,7.710000038,2.460000038,2.119999886,0,37,46,175,833,1821,1,331,349
1503960366,08/05/2016,10060,6.579999924,6.579999924,3.529999971,0.319999993,0,44,8,203,574,1740,1,594,611
1503960366,09/05/2016,12022,7.71999979,7.71999979,3.450000048,0.529999971,0,46,11,206,835,1819,1,338,342
1503960366,10/05/2016,12207,7.769999981,7.769999981,3.349999905,1.159999967,0,46,31,214,746,1859,1,383,403
1503960366,11/05/2016,12770,8.130000114,8.130000114,2.559999943,1.00999999,0,36,23,251,669,1783,1,285,306
1503960366,12/05/2016,0,0,0,0,0,0,0,0,0,1440,0,0,0,0
1624580081,12/04/2016,8163,5.309999943,5.309999943,0,0,0,0,0,146,1294,1432,0,0,0
1624580081,13/04/2016,7007,4.550000191,4.550000191,0,0,0,0,0,148,1292,1411,0,0,0
1624580081,14/04/2016,9107,5.920000076,5.920000076,0,0,0.01,0,0,236,1204,1572,0,0,0
1624580081,15/04/2016,1510,0.980000019,0.980000019,0,0,0,0,0,96,1344,1344,0,0,0
1624580081,16/04/2016,5370,3.49000001,3.49000001,0,0,0,0,0,176,1264,1463,0,0,0
1624580081,17/04/2016,6175,4.059999943,4.059999943,1.029999971,1.519999981,0.01,15,22,127,1276,1554,0,0,0
1624580081,18/04/2016,10536,7.409999847,7.409999847,2.150000095,0.620000005,0.01,17,7,202,1214,1604,0,0,0
1624580081,19/04/2016,2916,1.899999976,1.899999976,0,0,0,0,0,141,1299,1435,0,0,0
1624580081,20/04/2016,4974,3.230000019,3.230000019,0,0,0,0,0,151,1289,1446,0,0,0
1624580081,21/04/2016,6349,4.130000114,4.130000114,0,0,0.02,0,0,186,1254,1467,0,0,0
1624580081,22/04/2016,4026,2.619999886,2.619999886,0,0,0,0,0,199,1241,1470,0,0,0
1624580081,23/04/2016,8538,5.550000191,5.550000191,0,0,0.01,0,0,227,1213,1562,0,0,0
1624580081,24/04/2016,6076,3.950000048,3.950000048,1.149999976,0.910000026,0,16,18,185,1221,1617,0,0,0
1624580081,25/04/2016,6497,4.21999979,4.21999979,0,0,0.02,0,0,202,1238,1492,0,0,0
1624580081,26/04/2016,2826,1.840000033,1.840000033,0,0,0.01,0,0,140,1300,1402,0,0,0
1624580081,27/04/2016,8367,5.440000057,5.440000057,1.110000014,1.870000005,0,17,36,154,1233,1670,0,0,0
1624580081,28/04/2016,2759,1.789999962,1.789999962,0,0.200000003,0,0,5,115,1320,1401,0,0,0
1624580081,29/04/2016,2390,1.549999952,1.549999952,0,0,0,0,0,150,1290,1404,0,0,0
1624580081,30/04/2016,6474,4.300000191,4.300000191,0.899999976,1.279999971,0.01,11,23,224,1182,1655,0,0,0
1624580081,01/05/2016,36019,28.03000069,28.03000069,21.92000008,4.190000057,0.02,186,63,171,1020,2690,0,0,0
1624580081,02/05/2016,7155,4.929999828,4.929999828,0.860000014,0.589999974,0,7,6,166,1261,1497,0,0,0
1624580081,03/05/2016,2100,1.370000005,1.370000005,0,0,0.02,0,0,96,1344,1334,0,0,0
1624580081,04/05/2016,2193,1.429999948,1.429999948,0,0,0,0,0,118,1322,1368,0,0,0
1624580081,05/05/2016,2470,1.610000014,1.610000014,0,0,0.02,0,0,117,1323,1370,0,0,0
1624580081,06/05/2016,1727,1.120000005,1.120000005,0,0,0.01,0,0,102,1338,1341,0,0,0
1624580081,07/05/2016,2104,1.370000005,1.370000005,0,0,0,0,0,182,1258,1474,0,0,0
1624580081,08/05/2016,3427,2.230000019,2.230000019,0,0,0,0,0,152,1288,1427,0,0,0
1624580081,09/05/2016,1732,1.129999995,1.129999995,0,0,0,0,0,91,1349,1328,0,0,0
1624580081,10/05/2016,2969,1.929999948,1.929999948,0,0,0.01,0,0,139,1301,1393,0,0,0
1624580081,11/05/2016,3134,2.039999962,2.039999962,0,0,0,0,0,112,1328,1359,0,0,0
1624580081,12/05/2016,2971,1.929999948,1.929999948,0,0,0.01,0,0,107,890,1002,0,0,0
1644430081,12/04/2016,10694,7.769999981,7.769999981,0.140000001,2.299999952,0,2,51,256,1131,3199,0,0,0
1644430081,13/04/2016,8001,5.820000172,5.820000172,2.279999971,0.899999976,0,30,16,135,1259,2902,0,0,0
1644430081,14/04/2016,11037,8.020000458,8.020000458,0.360000014,2.559999943,0,5,58,252,1125,3226,0,0,0
1644430081,15/04/2016,5263,3.829999924,3.829999924,0.219999999,0.150000006,0,3,4,170,1263,2750,0,0,0
1644430081,16/04/2016,15300,11.11999989,11.11999989,4.099999905,1.879999995,0,51,42,212,1135,3493,0,0,0
1644430081,17/04/2016,8757,6.369999886,6.369999886,2.25,0.569999993,0,29,13,186,1212,3011,0,0,0
1644430081,18/04/2016,7132,5.190000057,5.190000057,1.070000052,1.669999957,0,15,33,121,1271,2806,0,0,0
1644430081,19/04/2016,11256,8.180000305,8.180000305,0.360000014,2.529999971,0,5,58,278,1099,3300,0,0,0
1644430081,20/04/2016,2436,1.769999981,1.769999981,0,0,0.01,0,0,125,1315,2430,0,0,0
1644430081,21/04/2016,1223,0.889999986,0.889999986,0,0,0.01,0,0,38,1402,2140,0,0,0
1644430081,22/04/2016,3673,2.670000076,2.670000076,0,0,0.01,0,0,86,1354,2344,0,0,0
1644430081,23/04/2016,6637,4.829999924,4.829999924,0,0.579999983,0,0,15,160,1265,2677,0,0,0
1644430081,24/04/2016,3321,2.410000086,2.410000086,0,0,0,0,0,89,1351,2413,0,0,0
1644430081,25/04/2016,3580,2.599999905,2.599999905,0.589999974,0.059999999,0,8,1,94,1337,2497,0,0,0
1644430081,26/04/2016,9919,7.210000038,7.210000038,0.800000012,1.720000029,0,11,41,223,1165,3123,0,0,0
1644430081,27/04/2016,3032,2.200000048,2.200000048,0,0,0,0,0,118,1322,2489,0,0,0
1644430081,28/04/2016,9405,6.840000153,6.840000153,0.200000003,2.319999933,0,3,53,227,1157,3108,0,0,0
1644430081,29/04/2016,3176,2.309999943,2.309999943,0,0,0,0,0,120,1193,2498,1,119,127
1644430081,30/04/2016,18213,13.23999977,13.23999977,0.629999995,3.140000105,0,9,71,402,816,3846,1,124,142
1644430081,01/05/2016,6132,4.460000038,4.460000038,0.239999995,0.99000001,0,3,24,146,908,2696,0,0,0
1644430081,02/05/2016,3758,2.730000019,2.730000019,0.07,0.310000002,0,1,7,148,682,2580,1,796,961
1644430081,03/05/2016,12850,9.340000153,9.340000153,0.720000029,4.090000153,0,10,94,221,1115,3324,0,0,0
1644430081,04/05/2016,2309,1.679999948,1.679999948,0,0,0.02,0,0,52,1388,2222,0,0,0
1644430081,05/05/2016,4363,3.190000057,3.190000057,0.519999981,0.540000021,0.01,6,12,81,1341,2463,0,0,0
1644430081,06/05/2016,9787,7.119999886,7.119999886,0.819999993,0.270000011,0.02,11,6,369,1054,3328,0,0,0
1644430081,07/05/2016,13372,9.720000267,9.720000267,3.25999999,0.790000021,0.01,41,17,243,1139,3404,0,0,0
1644430081,08/05/2016,6724,4.889999866,4.889999866,0,0,0,0,0,295,991,2987,1,137,154
1644430081,09/05/2016,6643,4.829999924,4.829999924,2.390000105,0.349999994,0.01,32,6,303,1099,3008,0,0,0
1644430081,10/05/2016,9167,6.659999847,6.659999847,0.879999995,0.810000002,0.01,12,19,155,1254,2799,0,0,0
1644430081,11/05/2016,1329,0.970000029,0.970000029,0,0,0.01,0,0,49,713,1276,0,0,0
1844505072,12/04/2016,6697,4.429999828,4.429999828,0,0,0,0,0,339,1101,2030,0,0,0
1844505072,13/04/2016,4929,3.25999999,3.25999999,0,0,0,0,0,248,1192,1860,0,0,0
1844505072,14/04/2016,7937,5.25,5.25,0,0,0,0,0,373,843,2130,0,0,0
1844505072,15/04/2016,3844,2.539999962,2.539999962,0,0,0,0,0,176,527,1725,1,644,961
1844505072,16/04/2016,3414,2.25999999,2.25999999,0,0,0,0,0,147,1293,1657,0,0,0
1844505072,17/04/2016,4525,2.99000001,2.99000001,0.140000001,0.25999999,0,2,8,199,1231,1793,0,0,0
1844505072,18/04/2016,4597,3.039999962,3.039999962,0,0.479999989,0,0,12,217,1211,1814,0,0,0
1844505072,19/04/2016,197,0.129999995,0.129999995,0,0,0,0,0,10,1430,1366,0,0,0
1844505072,20/04/2016,8,0.01,0.01,0,0,0,0,0,1,1439,1349,0,0,0
1844505072,21/04/2016,8054,5.320000172,5.320000172,0.119999997,0.519999981,0,2,13,308,1117,2062,0,0,0
1844505072,22/04/2016,5372,3.549999952,3.549999952,0,0,0,0,0,220,1220,1827,0,0,0
1844505072,23/04/2016,3570,2.359999895,2.359999895,0,0,0,0,0,139,1301,1645,0,0,0
1844505072,24/04/2016,0,0,0,0,0,0,0,0,0,1440,1347,0,0,0
1844505072,25/04/2016,0,0,0,0,0,0,0,0,0,1440,1347,0,0,0
1844505072,26/04/2016,0,0,0,0,0,0,0,0,0,1440,1347,0,0,0
1844505072,27/04/2016,4,0,0,0,0,0,0,0,1,1439,1348,0,0,0
1844505072,28/04/2016,6907,4.570000172,4.570000172,0,0,0,0,0,302,1138,1992,0,0,0
1844505072,29/04/2016,4920,3.25,3.25,0,0,0,0,0,247,1082,1856,0,0,0
1844505072,30/04/2016,4014,2.670000076,2.670000076,0,0,0,0,0,184,218,1763,1,722,961
1844505072,01/05/2016,2573,1.700000048,1.700000048,0,0.25999999,0,0,7,75,585,1541,1,590,961
1844505072,02/05/2016,0,0,0,0,0,0,0,0,0,1440,1348,0,0,0
1844505072,03/05/2016,4059,2.680000067,2.680000067,0,0,0,0,0,184,1256,1742,0,0,0
1844505072,04/05/2016,2080,1.370000005,1.370000005,0,0,0,0,0,87,1353,1549,0,0,0
1844505072,05/05/2016,2237,1.480000019,1.480000019,0,0,0,0,0,120,1320,1589,0,0,0
1844505072,06/05/2016,44,0.029999999,0.029999999,0,0,0,0,0,2,1438,1351,0,0,0
1844505072,07/05/2016,0,0,0,0,0,0,0,0,0,1440,1347,0,0,0
1844505072,08/05/2016,0,0,0,0,0,0,0,0,0,1440,1347,0,0,0
1844505072,09/05/2016,0,0,0,0,0,0,0,0,0,1440,1347,0,0,0
1844505072,10/05/2016,0,0,0,0,0,0,0,0,0,1440,1347,0,0,0
1844505072,11/05/2016,0,0,0,0,0,0,0,0,0,1440,1347,0,0,0
1844505072,12/05/2016,0,0,0,0,0,0,0,0,0,711,665,0,0,0
1927972279,12/04/2016,678,0.469999999,0.469999999,0,0,0,0,0,55,734,2220,3,750,775
1927972279,13/04/2016,356,0.25,0.25,0,0,0,0,0,32,986,2151,1,398,422
1927972279,14/04/2016,2163,1.5,1.5,0,0.400000006,0,0,9,88,1292,2383,0,0,0
1927972279,15/04/2016,980,0.680000007,0.680000007,0,0,0,0,0,51,941,2221,2,475,499
1927972279,16/04/2016,0,0,0,0,0,0,0,0,0,1440,2064,0,0,0
1927972279,17/04/2016,0,0,0,0,0,0,0,0,0,1440,2063,0,0,0
1927972279,18/04/2016,244,0.170000002,0.170000002,0,0,0,0,0,17,1423,2111,0,0,0
1927972279,19/04/2016,0,0,0,0,0,0,0,0,0,1440,2063,0,0,0
1927972279,20/04/2016,0,0,0,0,0,0,0,0,0,1440,2063,0,0,0
1927972279,21/04/2016,0,0,0,0,0,0,0,0,0,1440,2064,0,0,0
1927972279,22/04/2016,149,0.100000001,0.100000001,0,0,0,0,0,10,1430,2093,0,0,0
1927972279,23/04/2016,2945,2.039999962,2.039999962,0,0,0,0,0,145,1295,2499,0,0,0
1927972279,24/04/2016,2090,1.450000048,1.450000048,0.07,0.239999995,0,1,6,75,1358,2324,0,0,0
1927972279,25/04/2016,152,0.109999999,0.109999999,0,0,0,0,0,12,1303,2100,0,0,0
1927972279,26/04/2016,3761,2.599999905,2.599999905,0,0,0,0,0,192,1058,2638,1,296,315
1927972279,27/04/2016,0,0,0,0,0,0,0,0,0,1440,2063,0,0,0
1927972279,28/04/2016,1675,1.159999967,1.159999967,0,0,0,0,0,95,1167,2351,1,166,178
1927972279,29/04/2016,0,0,0,0,0,0,0,0,0,1440,2063,0,0,0
1927972279,30/04/2016,0,0,0,0,0,0,0,0,0,1440,2064,0,0,0
1927972279,01/05/2016,2704,1.870000005,1.870000005,1.00999999,0.029999999,0,14,1,70,1355,2411,0,0,0
1927972279,02/05/2016,3790,2.619999886,2.619999886,1.159999967,0.300000012,0,16,8,94,1322,2505,0,0,0
1927972279,03/05/2016,1326,0.920000017,0.920000017,0.730000019,0,0,10,0,17,1413,2195,0,0,0
1927972279,04/05/2016,1786,1.24000001,1.24000001,0,0,0,0,0,87,1353,2338,0,0,0
1927972279,05/05/2016,0,0,0,0,0,0,0,0,0,1440,2063,0,0,0
1927972279,06/05/2016,2091,1.450000048,1.450000048,0,0,0,0,0,108,1332,2383,0,0,0
1927972279,07/05/2016,1510,1.039999962,1.039999962,0,0,0,0,0,48,1392,2229,0,0,0
1927972279,08/05/2016,0,0,0,0,0,0,0,0,0,1440,2063,0,0,0
1927972279,09/05/2016,0,0,0,0,0,0,0,0,0,1440,2063,0,0,0
1927972279,10/05/2016,0,0,0,0,0,0,0,0,0,1440,2063,0,0,0
1927972279,11/05/2016,0,0,0,0,0,0,0,0,0,1440,2063,0,0,0
1927972279,12/05/2016,0,0,0,0,0,0,0,0,0,966,1383,0,0,0
2022484408,12/04/2016,11875,8.340000153,8.340000153,3.309999943,0.769999981,0,42,14,227,1157,2390,0,0,0
2022484408,13/04/2016,12024,8.5,8.5,2.99000001,0.100000001,0,43,5,292,1100,2601,0,0,0
2022484408,14/04/2016,10690,7.5,7.5,2.480000019,0.209999993,0,32,3,257,1148,2312,0,0,0
2022484408,15/04/2016,11034,8.029999733,8.029999733,1.940000057,0.310000002,0,27,9,282,1122,2525,0,0,0
2022484408,16/04/2016,10100,7.090000153,7.090000153,3.150000095,0.550000012,0,41,11,151,1237,2177,0,0,0
2022484408,17/04/2016,15112,11.39999962,11.39999962,3.869999886,0.660000026,0,28,29,331,1052,2782,0,0,0
2022484408,18/04/2016,14131,10.06999969,10.06999969,3.640000105,0.119999997,0,48,3,311,1078,2770,0,0,0
2022484408,19/04/2016,11548,8.529999733,8.529999733,3.289999962,0.239999995,0,31,7,250,1152,2489,0,0,0
2022484408,20/04/2016,15112,10.67000008,10.67000008,3.339999914,1.929999948,0,48,63,276,1053,2897,0,0,0
2022484408,21/04/2016,12453,8.739999771,8.739999771,3.329999924,1.110000014,0,104,53,255,1028,3158,0,0,0
2022484408,22/04/2016,12954,9.329999924,9.329999924,4.429999828,0.419999987,0,52,10,273,1105,2638,0,0,0
2022484408,23/04/2016,6001,4.210000038,4.210000038,0,0,0,0,0,249,1191,2069,0,0,0
2022484408,24/04/2016,13481,10.27999973,10.27999973,4.550000191,1.149999976,0,37,26,216,1161,2529,0,0,0
2022484408,25/04/2016,11369,8.010000229,8.010000229,3.329999924,0.219999999,0,44,8,217,1171,2470,0,0,0
2022484408,26/04/2016,10119,7.190000057,7.190000057,1.429999948,0.660000026,0,55,24,275,1086,2793,0,0,0
2022484408,27/04/2016,10159,7.130000114,7.130000114,1.039999962,0.970000029,0,19,20,282,1119,2463,0,0,0
2022484408,28/04/2016,10140,7.119999886,7.119999886,0.409999996,1.330000043,0,6,20,291,1123,2296,0,0,0
2022484408,29/04/2016,10245,7.190000057,7.190000057,0.479999989,1.210000038,0,21,40,281,1098,2611,0,0,0
2022484408,30/04/2016,18387,12.90999985,12.90999985,0.939999998,1.399999976,0,13,23,361,1043,2732,0,0,0
2022484408,01/05/2016,10538,7.400000095,7.400000095,1.940000057,0.959999979,0,25,28,245,1142,2380,0,0,0
2022484408,02/05/2016,10379,7.289999962,7.289999962,2.609999895,0.340000004,0,36,8,277,1119,2473,0,0,0
2022484408,03/05/2016,12183,8.739999771,8.739999771,3.99000001,0.460000008,0,72,14,250,1104,2752,0,0,0
2022484408,04/05/2016,11768,8.289999962,8.289999962,2.50999999,0.930000007,0,36,27,272,1105,2649,0,0,0
2022484408,05/05/2016,11895,8.350000381,8.350000381,2.789999962,0.860000014,0,55,20,253,1112,2609,0,0,0
2022484408,06/05/2016,10227,7.179999828,7.179999828,1.870000005,0.670000017,0,24,17,295,1104,2498,0,0,0
2022484408,07/05/2016,6708,4.710000038,4.710000038,1.610000014,0.079999998,0,20,2,149,1269,1995,0,0,0
2022484408,08/05/2016,3292,2.309999943,2.309999943,0,0,0,0,0,135,1305,1848,0,0,0
2022484408,09/05/2016,13379,9.390000343,9.390000343,2.119999886,1.629999995,0,35,47,297,1061,2709,0,0,0
2022484408,10/05/2016,12798,8.979999542,8.979999542,2.220000029,1.210000038,0,57,28,271,1084,2797,0,0,0
2022484408,11/05/2016,13272,9.319999695,9.319999695,4.179999828,1.149999976,0,58,25,224,1133,2544,0,0,0
2022484408,12/05/2016,9117,6.409999847,6.409999847,1.279999971,0.670000017,0,16,16,236,728,1853,0,0,0
2026352035,12/04/2016,4414,2.74000001,2.74000001,0.189999998,0.349999994,0,3,8,181,706,1459,1,503,546
2026352035,13/04/2016,4993,3.099999905,3.099999905,0,0,0,0,0,238,663,1521,1,531,565
2026352035,14/04/2016,3335,2.069999933,2.069999933,0,0,0,0,0,197,653,1431,1,545,568
2026352035,15/04/2016,3821,2.369999886,2.369999886,0,0,0,0,0,188,687,1444,1,523,573
2026352035,16/04/2016,2547,1.580000043,1.580000043,0,0,0,0,0,150,728,1373,1,524,567
2026352035,17/04/2016,838,0.519999981,0.519999981,0,0,0,0,0,60,1053,1214,1,437,498
2026352035,18/04/2016,3325,2.059999943,2.059999943,0,0,0,0,0,182,1062,1419,0,0,0
2026352035,19/04/2016,2424,1.5,1.5,0,0,0,0,0,141,785,1356,1,498,540
2026352035,20/04/2016,7222,4.480000019,4.480000019,0,0,0,0,0,327,623,1667,1,461,510
2026352035,21/04/2016,2467,1.529999971,1.529999971,0,0,0,0,0,153,749,1370,1,477,514
2026352035,22/04/2016,2915,1.809999943,1.809999943,0,0,0,0,0,162,712,1399,1,520,545
2026352035,23/04/2016,12357,7.710000038,7.710000038,0,0,0,0,0,432,458,1916,1,522,554
2026352035,24/04/2016,3490,2.160000086,2.160000086,0,0,0,0,0,164,704,1401,1,555,591
2026352035,25/04/2016,6017,3.730000019,3.730000019,0,0,0,0,0,260,821,1576,1,506,531
2026352035,26/04/2016,5933,3.680000067,3.680000067,0,0,0,0,0,288,1018,1595,0,0,0
2026352035,27/04/2016,6088,3.769999981,3.769999981,0,0,0,0,0,286,586,1593,1,508,545
2026352035,28/04/2016,6375,3.950000048,3.950000048,0,0,0,0,0,331,626,1649,1,513,545
2026352035,29/04/2016,7604,4.710000038,4.710000038,0,0,0,0,0,352,492,1692,1,490,510
2026352035,30/04/2016,4729,2.930000067,2.930000067,0,0,0,0,0,233,594,1506,1,573,607
2026352035,01/05/2016,3609,2.279999971,2.279999971,0,0,0,0,0,191,716,1447,1,527,546
2026352035,02/05/2016,7018,4.349999905,4.349999905,0,0,0,0,0,355,716,1690,1,511,543
2026352035,03/05/2016,5992,3.720000029,3.720000029,0,0,0,0,0,304,981,1604,0,0,0
2026352035,04/05/2016,6564,4.070000172,4.070000172,0,0,0,0,0,345,530,1658,1,538,560
2026352035,05/05/2016,12167,7.539999962,7.539999962,0,0,0,0,0,475,479,1926,1,468,485
2026352035,06/05/2016,8198,5.079999924,5.079999924,0,0,0,0,0,383,511,1736,1,524,548
2026352035,07/05/2016,4193,2.599999905,2.599999905,0,0,0,0,0,229,665,1491,1,511,521
2026352035,08/05/2016,5528,3.450000048,3.450000048,0,0,0,0,0,258,610,1555,1,541,568
2026352035,09/05/2016,10685,6.619999886,6.619999886,0,0,0,0,0,401,543,1869,1,531,556
2026352035,10/05/2016,254,0.159999996,0.159999996,0,0,0,0,0,17,1002,1141,1,357,380
2026352035,11/05/2016,8580,5.320000172,5.320000172,0,0,0,0,0,330,569,1698,1,523,553
2026352035,12/05/2016,8891,5.510000229,5.510000229,0,0,0,0,0,343,330,1364,1,456,485
2320127002,12/04/2016,10725,7.489999771,7.489999771,1.169999957,0.310000002,0,13,9,306,1112,2124,0,0,0
2320127002,13/04/2016,7275,4.900000095,4.900000095,0,0,0,0,0,335,1105,2003,0,0,0
2320127002,14/04/2016,3973,2.680000067,2.680000067,0,0,0,0,0,191,1249,1696,0,0,0
2320127002,15/04/2016,5205,3.50999999,3.50999999,0,0,0,0,0,245,1195,1801,0,0,0
2320127002,16/04/2016,5057,3.410000086,3.410000086,0,0,0,0,0,195,1245,1724,0,0,0
2320127002,17/04/2016,6198,4.179999828,4.179999828,0,0,0,0,0,249,1191,1852,0,0,0
2320127002,18/04/2016,6559,4.420000076,4.420000076,0,0.25999999,0,0,7,260,1173,1905,0,0,0
2320127002,19/04/2016,5997,4.039999962,4.039999962,0,0.379999995,0,0,11,228,1201,1811,0,0,0
2320127002,20/04/2016,7192,4.849999905,4.849999905,0,0.49000001,0,0,11,283,1146,1922,0,0,0
2320127002,21/04/2016,3404,2.289999962,2.289999962,0.059999999,0.419999987,0,1,10,127,1302,1610,0,0,0
2320127002,22/04/2016,5583,3.75999999,3.75999999,0,0,0,0,0,266,1174,1851,0,0,0
2320127002,23/04/2016,5079,3.420000076,3.420000076,0,0,0,0,0,242,1129,1804,1,61,69
2320127002,24/04/2016,4165,2.809999943,2.809999943,0,0,0,0,0,204,1236,1725,0,0,0
2320127002,25/04/2016,3588,2.420000076,2.420000076,0.230000004,0.200000003,0,3,5,152,1280,1654,0,0,0
2320127002,26/04/2016,3409,2.299999952,2.299999952,0,0,0,0,0,147,1293,1632,0,0,0
2320127002,27/04/2016,1715,1.159999967,1.159999967,0,0,0,0,0,82,1358,1481,0,0,0
2320127002,28/04/2016,1532,1.029999971,1.029999971,0,0,0,0,0,76,1364,1473,0,0,0
2320127002,29/04/2016,924,0.620000005,0.620000005,0,0,0,0,0,45,1395,1410,0,0,0
2320127002,30/04/2016,4571,3.079999924,3.079999924,0,0,0,0,0,234,1206,1779,0,0,0
2320127002,01/05/2016,772,0.519999981,0.519999981,0,0,0,0,0,40,1400,1403,0,0,0
2320127002,02/05/2016,3634,2.450000048,2.450000048,0.360000014,0.209999993,0,5,6,123,1306,1613,0,0,0
2320127002,03/05/2016,7443,5.019999981,5.019999981,1.49000001,0.370000005,0,20,10,206,1204,1878,0,0,0
2320127002,04/05/2016,1201,0.810000002,0.810000002,0,0,0,0,0,52,1388,1426,0,0,0
2320127002,05/05/2016,5202,3.50999999,3.50999999,0,0.389999986,0,0,11,223,1206,1780,0,0,0
2320127002,06/05/2016,4878,3.289999962,3.289999962,0,0,0,0,0,204,1236,1742,0,0,0
2320127002,07/05/2016,7379,4.96999979,4.96999979,0,0,0,0,0,319,1121,1972,0,0,0
2320127002,08/05/2016,5161,3.480000019,3.480000019,0,0,0,0,0,247,1193,1821,0,0,0
2320127002,09/05/2016,3090,2.079999924,2.079999924,0,0,0,0,0,145,1295,1630,0,0,0
2320127002,10/05/2016,6227,4.199999809,4.199999809,0,0,0,0,0,290,1150,1899,0,0,0
2320127002,11/05/2016,6424,4.329999924,4.329999924,0,0,0,0,0,300,1140,1903,0,0,0
2320127002,12/05/2016,2661,1.789999962,1.789999962,0,0,0,0,0,128,830,1125,0,0,0
2347167796,12/04/2016,10113,6.829999924,6.829999924,2,0.620000005,0,28,13,320,964,2344,0,0,0
2347167796,13/04/2016,10352,7.010000229,7.010000229,1.659999967,1.940000057,0,19,32,195,676,2038,1,467,531
2347167796,14/04/2016,10129,6.699999809,6.699999809,0.02,2.74000001,0,1,48,206,705,2010,1,445,489
2347167796,15/04/2016,10465,6.920000076,6.920000076,0.07,1.419999957,0,1,24,284,720,2133,1,452,504
2347167796,16/04/2016,22244,15.07999992,15.07999992,5.449999809,4.099999905,0,66,72,268,968,2670,0,0,0
2347167796,17/04/2016,5472,3.619999886,3.619999886,0.079999998,0.280000001,0,1,7,249,508,1882,1,556,602
2347167796,18/04/2016,8247,5.449999809,5.449999809,0.790000021,0.860000014,0,11,16,206,678,1944,1,500,557
2347167796,19/04/2016,6711,4.440000057,4.440000057,0,0,0,0,7,382,648,2346,1,465,514
2347167796,20/04/2016,10999,7.269999981,7.269999981,0.680000007,1.809999943,0,11,43,269,1011,2198,0,0,0
2347167796,21/04/2016,10080,6.75,6.75,1.850000024,1.529999971,0,23,26,208,761,2048,1,460,484
2347167796,22/04/2016,7804,5.159999847,5.159999847,0.560000002,1.679999948,0,9,27,206,781,1946,1,405,461
2347167796,23/04/2016,16901,11.36999989,11.36999989,2.779999971,1.450000048,0,32,35,360,591,2629,1,374,386
2347167796,24/04/2016,9471,6.260000229,6.260000229,0,0,0,0,0,360,584,2187,1,442,459
2347167796,25/04/2016,9482,6.380000114,6.380000114,1.269999981,0.519999981,0,15,11,277,653,2095,1,433,471
2347167796,26/04/2016,5980,3.950000048,3.950000048,0,0,0,0,0,227,732,1861,1,436,490
2347167796,27/04/2016,11423,7.579999924,7.579999924,1.860000014,0.400000006,0,26,9,295,623,2194,1,448,499
2347167796,28/04/2016,5439,3.599999905,3.599999905,0,0,0,0,0,229,764,1854,1,408,450
2347167796,29/04/2016,42,0.029999999,0.029999999,0,0,0,0,0,4,2,403,1,411,473
2873212765,12/04/2016,8796,5.909999847,5.909999847,0.109999999,0.930000007,0,2,21,356,1061,1982,0,0,0
2873212765,13/04/2016,7618,5.119999886,5.119999886,0,0.219999999,0.02,0,8,404,1028,2004,0,0,0
2873212765,14/04/2016,7910,5.320000172,5.320000172,0,0,0,0,0,331,1109,1893,0,0,0
2873212765,15/04/2016,8482,5.699999809,5.699999809,0,0,0.01,0,0,448,992,2063,0,0,0
2873212765,16/04/2016,9685,6.650000095,6.650000095,3.109999895,0.02,0.01,47,1,305,1087,2148,0,0,0
2873212765,17/04/2016,2524,1.700000048,1.700000048,0,0.349999994,0,0,8,160,1272,1529,0,0,0
2873212765,18/04/2016,7762,5.239999771,5.239999771,0.07,0.280000001,0,1,6,311,1122,1890,0,0,0
2873212765,19/04/2016,7948,5.369999886,5.369999886,0,0,0,0,0,389,1051,1956,0,0,0
2873212765,20/04/2016,9202,6.300000191,6.300000191,1.50999999,0.119999997,0.01,22,5,378,1035,2094,0,0,0
2873212765,21/04/2016,8859,5.980000019,5.980000019,0.129999995,0.370000005,0.01,2,10,371,1057,1970,0,0,0
2873212765,22/04/2016,7286,4.900000095,4.900000095,0.460000008,0,0.02,46,0,366,1028,2241,0,0,0
2873212765,23/04/2016,9317,6.349999905,6.349999905,2.089999914,0.230000004,0.01,28,5,330,1077,2021,0,0,0
2873212765,24/04/2016,6873,4.679999828,4.679999828,3,0.059999999,0,46,1,190,1203,1898,0,0,0
2873212765,25/04/2016,7373,4.949999809,4.949999809,0,0,0,0,0,359,1081,1907,0,0,0
2873212765,26/04/2016,8242,5.539999962,5.539999962,0.119999997,0.180000007,0,2,5,309,1124,1882,0,0,0
2873212765,27/04/2016,3516,2.359999895,2.359999895,0,0,0,46,0,197,1197,1966,0,0,0
2873212765,28/04/2016,7913,5.409999847,5.409999847,2.160000086,0.340000004,0,28,7,213,1192,1835,0,0,0
2873212765,29/04/2016,7365,4.949999809,4.949999809,1.360000014,1.409999967,0,20,23,206,1191,1780,0,0,0
2873212765,30/04/2016,8452,5.679999828,5.679999828,0.330000013,1.080000043,0.01,5,20,248,1167,1830,0,0,0
2873212765,01/05/2016,7399,4.96999979,4.96999979,0.49000001,1.039999962,0,7,18,196,1219,1739,0,0,0
2873212765,02/05/2016,7525,5.059999943,5.059999943,0,0.209999993,0.02,0,7,334,1099,1878,0,0,0
2873212765,03/05/2016,7412,4.980000019,4.980000019,0.059999999,0.25,0.01,1,6,363,1070,1906,0,0,0
2873212765,04/05/2016,8278,5.559999943,5.559999943,0,0,0,0,0,420,1020,2015,0,0,0
2873212765,05/05/2016,8314,5.610000134,5.610000134,0.779999971,0.800000012,0,13,23,311,1093,1971,0,0,0
2873212765,06/05/2016,7063,4.75,4.75,0,0.119999997,0.01,0,5,370,1065,1910,0,0,0
2873212765,07/05/2016,4940,3.380000114,3.380000114,2.279999971,0.550000012,0,75,11,52,1302,1897,0,0,0
2873212765,08/05/2016,8168,5.539999962,5.539999962,2.900000095,0,0,46,0,326,1068,2096,0,0,0
2873212765,09/05/2016,7726,5.190000057,5.190000057,0,0,0,0,0,345,1095,1906,0,0,0
2873212765,10/05/2016,8275,5.559999943,5.559999943,0,0,0.01,0,0,373,1067,1962,0,0,0
2873212765,11/05/2016,6440,4.329999924,4.329999924,0,0,0.01,0,0,319,1121,1826,0,0,0
2873212765,12/05/2016,7566,5.110000134,5.110000134,0,0,0,0,0,268,720,1431,0,0,0
3372868164,12/04/2016,4747,3.24000001,3.24000001,0,0,0.01,0,0,280,1160,1788,0,0,0
3372868164,13/04/2016,9715,6.630000114,6.630000114,0.99000001,0.340000004,0.02,16,8,371,1045,2093,0,0,0
3372868164,14/04/2016,8844,6.03000021,6.03000021,0.340000004,1.029999971,0.01,6,25,370,1039,2065,0,0,0
3372868164,15/04/2016,7451,5.079999924,5.079999924,0,0,0.02,0,0,335,1105,1908,0,0,0
3372868164,16/04/2016,6905,4.730000019,4.730000019,0,0,0.029999999,0,0,356,1084,1908,0,0,0
3372868164,17/04/2016,8199,5.880000114,5.880000114,1.409999967,0.100000001,0.01,11,2,322,1105,1964,0,0,0
3372868164,18/04/2016,6798,4.639999866,4.639999866,1.080000043,0.200000003,0,20,7,343,1070,2014,0,0,0
3372868164,19/04/2016,7711,5.260000229,5.260000229,0,0,0.02,0,0,376,1064,1985,0,0,0
3372868164,20/04/2016,4880,3.329999924,3.329999924,0.839999974,0.090000004,0.02,15,3,274,1148,1867,0,0,0
3372868164,21/04/2016,8857,6.070000172,6.070000172,1.149999976,0.25999999,0.01,18,9,376,1037,2124,0,0,0
3372868164,22/04/2016,3843,2.619999886,2.619999886,0,0,0.01,0,0,206,1234,1669,0,0,0
3372868164,23/04/2016,7396,5.070000172,5.070000172,1.399999976,0.079999998,0,20,2,303,1115,1995,0,0,0
3372868164,24/04/2016,6731,4.590000153,4.590000153,0.889999986,0.189999998,0.02,14,7,292,1127,1921,0,0,0
3372868164,25/04/2016,5995,4.090000153,4.090000153,0,0,0,0,0,416,1024,2010,0,0,0
3372868164,26/04/2016,8283,5.789999962,5.789999962,1.850000024,0.050000001,0.01,22,2,333,1083,2057,0,0,0
3372868164,27/04/2016,7904,5.420000076,5.420000076,1.580000043,0.629999995,0.01,24,13,346,1057,2095,0,0,0
3372868164,28/04/2016,5512,3.75999999,3.75999999,0,0,0,0,0,385,1055,1972,0,0,0
3372868164,29/04/2016,9135,6.230000019,6.230000019,0,0,0.01,0,0,402,1038,2044,0,0,0
3372868164,30/04/2016,5250,3.579999924,3.579999924,1.059999943,0.090000004,0.01,17,4,300,1119,1946,0,0,0
3372868164,01/05/2016,3077,2.099999905,2.099999905,0,0,0,0,0,172,842,1237,0,0,0
3977333714,12/04/2016,8856,5.980000019,5.980000019,3.059999943,0.910000026,0,44,19,131,777,1450,1,274,469
3977333714,13/04/2016,10035,6.710000038,6.710000038,2.029999971,2.130000114,0,31,46,153,754,1495,2,295,456
3977333714,14/04/2016,7641,5.110000134,5.110000134,0.319999993,0.970000029,0,5,23,214,801,1433,1,291,397
3977333714,15/04/2016,9010,6.059999943,6.059999943,1.049999952,1.75,0,15,42,183,644,1468,1,424,556
3977333714,16/04/2016,13459,9,9,2.029999971,4,0,31,83,153,663,1625,1,283,510
3977333714,17/04/2016,10415,6.96999979,6.96999979,0.699999988,2.349999905,0,11,58,205,600,1529,1,381,566
3977333714,18/04/2016,11663,7.800000191,7.800000191,0.25,3.730000019,0,4,95,214,605,1584,2,412,522
3977333714,19/04/2016,12414,8.779999733,8.779999733,2.24000001,2.450000048,0,19,67,221,738,1638,1,219,395
3977333714,20/04/2016,11658,7.829999924,7.829999924,0.200000003,4.349999905,0,2,98,164,845,1554,2,152,305
3977333714,21/04/2016,6093,4.079999924,4.079999924,0,0,0,0,0,242,712,1397,1,332,512
3977333714,22/04/2016,8911,5.960000038,5.960000038,2.329999924,0.579999983,0,33,12,188,731,1481,1,355,476
3977333714,23/04/2016,12058,8.069999695,8.069999695,0,4.21999979,0,0,92,252,724,1638,1,235,372
3977333714,24/04/2016,14112,10,10,3.269999981,4.559999943,0,30,95,129,660,1655,1,310,526
3977333714,25/04/2016,11177,8.479999542,8.479999542,5.619999886,0.430000007,0,50,9,133,781,1570,1,262,467
3977333714,26/04/2016,11388,7.619999886,7.619999886,0.449999988,4.21999979,0,7,95,170,797,1551,1,250,371
3977333714,27/04/2016,7193,5.039999962,5.039999962,0,0.419999987,0,0,10,176,714,1377,1,349,540
3977333714,28/04/2016,7114,4.880000114,4.880000114,1.370000005,0.289999992,0,15,8,190,804,1407,1,261,423
3977333714,29/04/2016,10645,7.75,7.75,3.74000001,1.299999952,0,36,32,150,744,1545,1,333,478
3977333714,30/04/2016,13238,9.199999809,9.199999809,3.690000057,2.099999905,0,43,52,194,687,1650,1,237,382
3977333714,01/05/2016,10414,7.070000172,7.070000172,2.670000076,1.980000019,0,41,40,124,691,1501,1,383,626
3977333714,02/05/2016,16520,11.05000019,11.05000019,1.539999962,6.480000019,0,24,143,176,713,1760,1,230,384
3977333714,03/05/2016,14335,9.590000153,9.590000153,3.319999933,1.74000001,0,47,41,258,594,1710,1,292,500
3977333714,04/05/2016,13559,9.43999958,9.43999958,1.809999943,4.579999924,0,14,96,142,852,1628,1,213,336
3977333714,05/05/2016,12312,8.579999924,8.579999924,1.75999999,4.110000134,0,14,88,178,680,1618,1,318,480
3977333714,06/05/2016,11677,8.279999733,8.279999733,3.109999895,2.50999999,0,29,55,168,676,1590,1,323,512
3977333714,07/05/2016,11550,7.730000019,7.730000019,0,4.130000114,0,0,86,208,703,1574,1,237,443
3977333714,08/05/2016,13585,9.090000153,9.090000153,0.680000007,5.239999771,0,9,116,171,688,1633,2,259,456
3977333714,09/05/2016,14687,10.07999992,10.07999992,0.769999981,5.599999905,0,8,122,151,1159,1667,0,0,0
3977333714,10/05/2016,13072,8.779999733,8.779999733,0.07,5.400000095,0,1,115,196,676,1630,1,312,452
3977333714,11/05/2016,746,0.5,0.5,0.370000005,0,0,4,0,9,13,52,0,0,0
4020332650,12/04/2016,8539,6.119999886,6.119999886,0.150000006,0.239999995,0,4,15,331,712,3654,1,501,541
4020332650,13/04/2016,0,0,0,0,0,0,0,0,0,1440,1981,0,0,0
4020332650,14/04/2016,108,0.079999998,0.079999998,0,0,0,0,0,3,1437,2011,0,0,0
4020332650,15/04/2016,1882,1.350000024,1.350000024,0.209999993,0.360000014,0,36,18,87,1299,2951,0,0,0
4020332650,16/04/2016,1982,1.419999957,1.419999957,0.449999988,0.370000005,0,65,21,55,1222,3051,1,77,77
4020332650,17/04/2016,16,0.01,0.01,0,0,0,0,0,2,1438,1990,0,0,0
4020332650,18/04/2016,62,0.039999999,0.039999999,0,0,0,0,0,2,1438,1995,0,0,0
4020332650,19/04/2016,0,0,0,0,0,0,0,0,0,1440,1980,0,0,0
4020332650,20/04/2016,0,0,0,0,0,0,0,0,0,1440,1980,0,0,0
4020332650,21/04/2016,0,0,0,0,0,0,0,0,0,1440,1980,0,0,0
4020332650,22/04/2016,0,0,0,0,0,0,0,0,0,1440,1980,0,0,0
4020332650,23/04/2016,0,0,0,0,0,0,0,0,0,1440,1980,0,0,0
4020332650,24/04/2016,0,0,0,0,0,0,0,0,0,1440,1980,0,0,0
4020332650,25/04/2016,0,0,0,0,0,0,0,0,0,1440,1980,0,0,0
4020332650,26/04/2016,0,0,0,0,0,0,0,0,0,1440,1980,0,0,0
4020332650,27/04/2016,0,0,0,0,0,0,0,0,0,1440,1980,0,0,0
4020332650,28/04/2016,0,0,0,0,0,0,0,0,0,1440,1980,0,0,0
4020332650,29/04/2016,0,0,0,0,0,0,0,0,0,1440,1980,0,0,0
4020332650,30/04/2016,0,0,0,0,0,0,0,0,0,1440,1980,0,0,0
4020332650,01/05/2016,0,0,0,0,0,0,0,0,0,1440,1980,0,0,0
4020332650,02/05/2016,475,0.340000004,0.340000004,0,0.039999999,0,0,11,31,1350,2207,0,0,0
4020332650,03/05/2016,4496,3.220000029,3.220000029,0,0,0.050000001,0,0,174,950,2828,1,322,332
4020332650,04/05/2016,10252,7.349999905,7.349999905,0.670000017,1.039999962,0,13,46,346,531,3879,1,478,536
4020332650,05/05/2016,11728,8.430000305,8.430000305,2.619999886,1.679999948,0.07,38,42,196,916,3429,1,226,248
4020332650,06/05/2016,4369,3.130000114,3.130000114,0,0,0.01,0,0,177,855,2704,1,385,408
4020332650,07/05/2016,6132,4.400000095,4.400000095,0,0,0,0,0,184,1256,2975,0,0,0
4020332650,08/05/2016,5862,4.199999809,4.199999809,0,0,0,0,0,263,775,3089,1,364,402
4020332650,09/05/2016,4556,3.269999981,3.269999981,0.200000003,0.119999997,0,3,5,173,1225,2785,0,0,0
4020332650,10/05/2016,5546,3.980000019,3.980000019,0,0,0.039999999,0,0,206,774,2926,1,442,494
4020332650,11/05/2016,3689,2.650000095,2.650000095,0.109999999,0.170000002,0,2,8,134,1296,2645,0,0,0
4020332650,12/05/2016,590,0.419999987,0.419999987,0,0,0,0,0,21,721,1120,0,0,0
4057192912,12/04/2016,5394,4.03000021,4.03000021,0,0,0,0,0,164,1276,2286,0,0,0
4057192912,13/04/2016,5974,4.46999979,4.46999979,0,0,0,0,0,160,1280,2306,0,0,0
4057192912,14/04/2016,0,0,0,0,0,0,0,0,0,1440,1776,0,0,0
4057192912,15/04/2016,3984,2.950000048,2.950000048,0.209999993,0.25999999,0,3,6,88,873,1527,0,0,0
4319703577,12/04/2016,7753,5.199999809,5.199999809,0,0,0,0,0,0,1440,2115,0,0,0
4319703577,13/04/2016,8204,5.5,5.5,0.529999971,0.589999974,0,8,15,96,1234,2135,0,0,0
4319703577,14/04/2016,10210,6.880000114,6.880000114,0.109999999,0.330000013,0,1,9,339,589,2302,1,535,557
4319703577,15/04/2016,5664,3.799999952,3.799999952,0,0,0,0,0,228,752,1985,1,465,491
4319703577,16/04/2016,4744,3.180000067,3.180000067,0,0,0,0,0,194,724,1884,1,506,522
4319703577,17/04/2016,29,0.02,0.02,0,0,0,0,0,3,1363,1464,0,0,0
4319703577,18/04/2016,2276,1.549999952,1.549999952,0.07,0.330000013,0,1,9,58,824,1632,1,515,551
4319703577,19/04/2016,8925,5.989999771,5.989999771,0,0,0,0,0,311,604,2200,2,461,498
4319703577,20/04/2016,8954,6.010000229,6.010000229,0,0.680000007,0,0,18,306,671,2220,1,523,543
4319703577,21/04/2016,3702,2.480000019,2.480000019,0,0,0,0,0,34,1265,1792,1,59,65
4319703577,22/04/2016,4500,3.019999981,3.019999981,0.059999999,0.810000002,0,1,19,176,709,1886,1,533,550
4319703577,23/04/2016,4935,3.309999943,3.309999943,0,0,0,0,0,233,546,1945,1,692,722
4319703577,24/04/2016,4081,2.74000001,2.74000001,0.059999999,0.200000003,0,1,5,191,692,1880,1,467,501
4319703577,25/04/2016,9259,6.210000038,6.210000038,0,0.280000001,0,0,8,390,544,2314,1,488,506
4319703577,26/04/2016,9899,6.639999866,6.639999866,0.569999993,0.920000017,0,8,21,288,649,2236,1,505,516
4319703577,27/04/2016,10780,7.230000019,7.230000019,0.409999996,1.919999957,0,6,47,300,680,2324,1,286,307
4319703577,28/04/2016,10817,7.28000021,7.28000021,1.00999999,0.330000013,0,13,8,359,552,2367,1,497,522
4319703577,29/04/2016,7990,5.360000134,5.360000134,0.449999988,0.790000021,0,6,18,289,624,2175,1,523,546
4319703577,30/04/2016,8221,5.519999981,5.519999981,0.400000006,1.610000014,0,6,38,196,695,2092,1,490,516
4319703577,01/05/2016,1251,0.839999974,0.839999974,0,0,0,0,0,67,836,1593,1,484,500
4319703577,02/05/2016,9261,6.239999771,6.239999771,0,0.439999998,0,0,11,344,585,2270,1,478,506
4319703577,03/05/2016,9648,6.46999979,6.46999979,0.579999983,1.070000052,0,8,26,287,669,2235,1,474,512
4319703577,04/05/2016,10429,7.019999981,7.019999981,0.589999974,0.579999983,0,8,13,313,1106,2282,0,0,0
4319703577,05/05/2016,13658,9.489999771,9.489999771,2.630000114,1.409999967,0,27,34,328,957,2530,0,0,0
4319703577,06/05/2016,9524,6.420000076,6.420000076,0.409999996,0.469999999,0,6,11,314,692,2266,1,450,491
4319703577,07/05/2016,7937,5.329999924,5.329999924,0.189999998,1.049999952,0,3,28,279,586,2158,1,507,530
4319703577,08/05/2016,3672,2.460000038,2.460000038,0,0,0,0,0,153,603,1792,1,602,638
4319703577,09/05/2016,10378,6.960000038,6.960000038,0.140000001,0.560000002,0,2,14,374,490,2345,1,535,565
4319703577,10/05/2016,9487,6.369999886,6.369999886,0.209999993,0.460000008,0,3,12,329,555,2260,1,487,517
4319703577,11/05/2016,9129,6.130000114,6.130000114,0.200000003,0.74000001,0,3,18,311,574,2232,1,529,558
4319703577,12/05/2016,17,0.01,0.01,0,0,0,0,0,2,0,257,1,302,321
4388161847,12/04/2016,10122,7.78000021,7.78000021,0,0,0,0,0,0,1440,2955,0,0,0
4388161847,13/04/2016,10993,8.449999809,8.449999809,0.059999999,0.629999995,0,1,14,150,1275,3092,0,0,0
4388161847,14/04/2016,8863,6.820000172,6.820000172,0.129999995,1.070000052,0,10,35,219,945,2998,0,0,0
4388161847,15/04/2016,8758,6.730000019,6.730000019,0,0,0,0,0,299,837,3066,1,499,526
4388161847,16/04/2016,6580,5.059999943,5.059999943,0.209999993,0.400000006,0,6,9,253,609,3073,2,426,448
4388161847,17/04/2016,4660,3.579999924,3.579999924,0,0,0,0,0,201,721,2572,2,619,641
4388161847,18/04/2016,11009,9.100000381,9.100000381,3.559999943,0.400000006,0,27,8,239,1017,3274,1,99,104
4388161847,19/04/2016,10181,7.829999924,7.829999924,1.370000005,0.689999998,0,20,16,249,704,3015,1,329,338
4388161847,20/04/2016,10553,8.119999886,8.119999886,1.100000024,1.720000029,0,19,42,228,696,3083,1,421,451
4388161847,21/04/2016,10055,7.730000019,7.730000019,0.370000005,0.389999986,0,7,12,272,853,3069,1,442,458
4388161847,22/04/2016,12139,9.340000153,9.340000153,3.299999952,1.110000014,0,77,25,220,945,3544,1,82,85
4388161847,23/04/2016,13236,10.18000031,10.18000031,4.5,0.319999993,0,58,5,215,749,3306,1,478,501
4388161847,24/04/2016,10243,7.880000114,7.880000114,1.080000043,0.50999999,0,14,8,239,584,2885,3,552,595
4388161847,25/04/2016,12961,9.970000267,9.970000267,0.730000019,1.399999976,0,11,31,301,1054,3288,0,0,0
4388161847,26/04/2016,9461,7.28000021,7.28000021,0.939999998,1.059999943,0,14,23,224,673,2929,1,319,346
4388161847,27/04/2016,11193,8.609999657,8.609999657,0.699999988,2.50999999,0,11,48,241,684,3074,1,439,500
4388161847,28/04/2016,10074,7.75,7.75,1.289999962,0.430000007,0,19,9,234,878,2969,1,428,458
4388161847,29/04/2016,9232,7.099999905,7.099999905,0.800000012,0.889999986,0,13,16,236,1175,2979,0,0,0
4388161847,30/04/2016,12533,9.640000343,9.640000343,0.699999988,2,0,14,43,300,537,3283,2,409,430
4388161847,01/05/2016,10255,7.889999866,7.889999866,1.00999999,0.680000007,0,12,15,241,579,2926,1,547,597
4388161847,02/05/2016,10096,8.399999619,8.399999619,3.769999981,0.079999998,0,33,4,204,935,3147,2,368,376
4388161847,03/05/2016,12727,9.789999962,9.789999962,1.129999995,0.779999971,0,18,18,306,984,3290,0,0,0
4388161847,04/05/2016,12375,9.520000458,9.520000458,2.789999962,0.930000007,0,35,21,251,632,3162,1,390,414
4388161847,05/05/2016,9603,7.380000114,7.380000114,0.629999995,1.669999957,0,12,39,199,896,2899,1,471,495
4388161847,06/05/2016,13175,10.13000011,10.13000011,2.109999895,2.089999914,0,33,45,262,1100,3425,0,0,0
4388161847,07/05/2016,22770,17.54000092,17.54000092,9.449999809,2.769999981,0,120,56,260,508,4022,1,472,496
4388161847,08/05/2016,17298,14.38000011,14.38000011,9.890000343,1.25999999,0,107,38,178,576,3934,2,529,541
4388161847,09/05/2016,10218,7.860000134,7.860000134,0.340000004,0.730000019,0,6,19,258,1020,3013,1,62,65
4388161847,10/05/2016,10299,7.920000076,7.920000076,0.810000002,0.649999976,0,13,14,267,648,3061,1,354,375
4388161847,11/05/2016,10201,7.840000153,7.840000153,0.529999971,0.790000021,0,8,18,256,858,2954,1,469,494
4388161847,12/05/2016,3369,2.589999914,2.589999914,0,0,0,0,0,108,825,1623,0,0,0
4445114986,12/04/2016,3276,2.200000048,2.200000048,0,0,0,0,0,196,787,2113,2,429,457
4445114986,13/04/2016,2961,1.99000001,1.99000001,0,0,0,0,0,194,840,2095,2,370,406
4445114986,14/04/2016,3974,2.670000076,2.670000076,0,0,0,0,0,231,717,2194,1,441,492
4445114986,15/04/2016,7198,4.829999924,4.829999924,0,0,0,0,0,350,711,2496,2,337,379
4445114986,16/04/2016,3945,2.650000095,2.650000095,0,0,0,0,0,225,716,2180,1,462,499
4445114986,17/04/2016,2268,1.519999981,1.519999981,0,0,0,0,0,114,1219,1933,1,98,107
4445114986,18/04/2016,6155,4.239999771,4.239999771,2,0.289999992,0,25,6,162,1247,2248,0,0,0
4445114986,19/04/2016,2064,1.389999986,1.389999986,0,0,0,0,0,121,895,1954,2,388,424
4445114986,20/04/2016,2072,1.389999986,1.389999986,0,0,0,0,0,137,841,1974,1,439,462
4445114986,21/04/2016,3809,2.559999943,2.559999943,0,0,0,0,0,215,756,2150,1,436,469
4445114986,22/04/2016,6831,4.579999924,4.579999924,0,0,0,0,0,317,706,2432,1,388,417
4445114986,23/04/2016,4363,2.930000067,2.930000067,0,0,0,0,0,201,1239,2149,0,0,0
4445114986,24/04/2016,5002,3.359999895,3.359999895,0,0,0,0,0,244,1196,2247,0,0,0
4445114986,25/04/2016,3385,2.269999981,2.269999981,0,0,0,0,0,179,916,2070,1,328,345
4445114986,26/04/2016,6326,4.409999847,4.409999847,2.410000086,0.039999999,0,29,1,180,839,2291,2,353,391
4445114986,27/04/2016,7243,5.03000021,5.03000021,2.619999886,0.029999999,0,32,1,194,839,2361,1,332,374
4445114986,28/04/2016,4493,3.00999999,3.00999999,0,0,0,0,0,236,762,2203,1,419,442
4445114986,29/04/2016,4676,3.140000105,3.140000105,0,0,0,0,0,226,1106,2196,1,106,108
4445114986,30/04/2016,6222,4.179999828,4.179999828,0,0,0,0,0,290,797,2363,1,322,353
4445114986,01/05/2016,5232,3.50999999,3.50999999,0,0,0,0,0,240,741,2246,2,439,459
4445114986,02/05/2016,6910,4.75,4.75,2.210000038,0.189999998,0,27,4,200,667,2336,1,502,542
4445114986,03/05/2016,7502,5.179999828,5.179999828,2.480000019,0.109999999,0,30,2,233,725,2421,2,417,450
4445114986,04/05/2016,2923,1.960000038,1.960000038,0,0,0,0,0,180,897,2070,2,337,363
4445114986,05/05/2016,3800,2.549999952,2.549999952,0.119999997,0.239999995,0,2,6,185,734,2120,2,462,513
4445114986,06/05/2016,4514,3.029999971,3.029999971,0,0,0,0,0,229,809,2211,2,374,402
4445114986,07/05/2016,5183,3.589999914,3.589999914,2.130000114,0.189999998,0,26,4,108,866,2123,2,401,436
4445114986,08/05/2016,7303,4.900000095,4.900000095,0,0.25,0,0,8,308,733,2423,1,361,391
4445114986,09/05/2016,5275,3.539999962,3.539999962,0,0,0,0,0,266,641,2281,1,457,533
4445114986,10/05/2016,3915,2.630000114,2.630000114,0,0,0,0,0,231,783,2181,1,405,426
4445114986,11/05/2016,9105,6.110000134,6.110000134,2.25,1,0,34,22,232,622,2499,1,499,530
4445114986,12/05/2016,768,0.519999981,0.519999981,0,0,0,0,0,58,380,1212,1,483,501
4558609924,12/04/2016,5135,3.390000105,3.390000105,0,0,0,0,0,318,1122,1909,0,0,0
4558609924,13/04/2016,4978,3.289999962,3.289999962,1.24000001,0.439999998,0,19,7,127,1287,1722,0,0,0
4558609924,14/04/2016,6799,4.489999771,4.489999771,0,0,0,0,0,279,1161,1922,0,0,0
4558609924,15/04/2016,7795,5.150000095,5.150000095,0.589999974,0.839999974,0,17,30,262,1131,2121,0,0,0
4558609924,16/04/2016,7289,4.820000172,4.820000172,0.550000012,0.75,0,8,12,308,1112,1997,0,0,0
4558609924,17/04/2016,9634,6.400000095,6.400000095,0.550000012,1.139999986,0,7,19,304,1110,2117,0,0,0
4558609924,18/04/2016,8940,5.909999847,5.909999847,0.980000019,0.930000007,0,14,15,331,1080,2116,0,0,0
4558609924,19/04/2016,5401,3.569999933,3.569999933,0.050000001,0.360000014,0,1,9,248,1182,1876,0,0,0
4558609924,20/04/2016,4803,3.170000076,3.170000076,0,0,0,0,0,222,1218,1788,0,0,0
4558609924,21/04/2016,13743,9.079999924,9.079999924,0.419999987,0.970000029,0,6,21,432,844,2486,1,126,137
4558609924,22/04/2016,9601,6.349999905,6.349999905,1.370000005,1.5,0,20,25,273,1122,2094,0,0,0
4558609924,23/04/2016,6890,4.550000191,4.550000191,0.340000004,0.200000003,0,5,5,308,1122,2085,0,0,0
4558609924,24/04/2016,8563,5.659999847,5.659999847,0,0,0,0,0,395,1045,2173,0,0,0
4558609924,25/04/2016,8095,5.349999905,5.349999905,0.589999974,0.25,0,18,10,340,993,2225,0,0,0
4558609924,26/04/2016,9148,6.050000191,6.050000191,0.430000007,2.029999971,0,12,41,283,1062,2223,1,103,121
4558609924,27/04/2016,9557,6.320000172,6.320000172,1.960000038,0.889999986,0,27,14,312,1087,2098,0,0,0
4558609924,28/04/2016,9451,6.25,6.25,0.02,0.270000011,0,1,11,367,985,2185,0,0,0
4558609924,29/04/2016,7833,5.179999828,5.179999828,1.019999981,1.850000024,0,15,29,197,1096,1918,1,171,179
4558609924,30/04/2016,10319,6.820000172,6.820000172,0.469999999,1.889999986,0,7,29,293,1111,2105,0,0,0
4558609924,01/05/2016,3428,2.269999981,2.269999981,0,0,0,0,0,190,1121,1692,1,115,129
4558609924,02/05/2016,7891,5.21999979,5.21999979,0,0,0,0,0,383,1057,2066,0,0,0
4558609924,03/05/2016,5267,3.480000019,3.480000019,0.600000024,0.280000001,0,21,10,237,1172,1953,0,0,0
4558609924,04/05/2016,5232,3.460000038,3.460000038,0,0,0,0,0,252,1188,1842,0,0,0
4558609924,05/05/2016,10611,7.010000229,7.010000229,1.00999999,0.5,0,14,8,370,1048,2262,0,0,0
4558609924,06/05/2016,3755,2.480000019,2.480000019,0,0,0,0,0,202,1238,1722,0,0,0
4558609924,07/05/2016,8237,5.440000057,5.440000057,1.610000014,1,0,23,16,233,1116,1973,0,0,0
4558609924,08/05/2016,6543,4.329999924,4.329999924,1.799999952,0.5,0,66,35,238,1019,2666,1,123,134
4558609924,09/05/2016,11451,7.570000172,7.570000172,0.430000007,1.620000005,0,6,30,339,1065,2223,0,0,0
4558609924,10/05/2016,6435,4.25,4.25,0.74000001,1.120000005,0,11,18,220,1191,1889,0,0,0
4558609924,11/05/2016,9108,6.019999981,6.019999981,0.25999999,1.820000052,0,4,31,324,1081,2131,0,0,0
4558609924,12/05/2016,6307,4.170000076,4.170000076,0,0,0,0,0,247,736,1452,0,0,0
4702921684,12/04/2016,7213,5.880000114,5.880000114,0,0,0,0,0,263,718,2947,1,425,439
4702921684,13/04/2016,6877,5.579999924,5.579999924,0,0,0,0,0,258,777,2898,2,400,430
4702921684,14/04/2016,7860,6.369999886,6.369999886,0,0,0,0,0,271,772,2984,1,384,415
4702921684,15/04/2016,6506,5.28000021,5.28000021,0.07,0.419999987,0,1,8,256,944,2896,1,253,257
4702921684,16/04/2016,11140,9.029999733,9.029999733,0.239999995,1.25,0,3,24,335,556,3328,2,382,406
4702921684,17/04/2016,12692,10.28999996,10.28999996,0.959999979,3.460000038,0,12,66,302,437,3394,1,591,612
4702921684,18/04/2016,9105,7.380000114,7.380000114,1.820000052,1.49000001,0,22,30,191,890,3013,1,293,312
4702921684,19/04/2016,6708,5.440000057,5.440000057,0.879999995,0.370000005,0,10,8,179,757,2812,1,457,487
4702921684,20/04/2016,8793,7.130000114,7.130000114,0.159999996,1.230000019,0,2,29,260,717,3061,1,454,468
4702921684,21/04/2016,6530,5.300000191,5.300000191,0.310000002,2.049999952,0,4,41,144,901,2729,1,425,434
4702921684,22/04/2016,1664,1.350000024,1.350000024,0,0,0,0,0,72,1341,2241,0,0,0
4702921684,23/04/2016,15126,12.27000046,12.27000046,0.75999999,3.24000001,0,9,66,408,469,3691,1,465,475
4702921684,24/04/2016,15050,12.22000027,12.22000027,1.200000048,5.119999886,0,15,95,281,542,3538,1,480,506
4702921684,25/04/2016,9167,7.429999828,7.429999828,0.49000001,0.819999993,0,6,15,270,730,3064,1,370,380
4702921684,26/04/2016,6108,4.949999809,4.949999809,0.07,0.349999994,0,1,8,216,765,2784,1,421,429
4702921684,27/04/2016,7047,5.71999979,5.71999979,0.090000004,0.800000012,0,1,16,238,733,2908,1,432,449
4702921684,28/04/2016,9023,7.320000172,7.320000172,1.129999995,0.419999987,0,14,9,232,738,3033,1,442,461
4702921684,29/04/2016,9930,8.050000191,8.050000191,1.059999943,0.920000017,0,12,19,267,692,3165,1,433,447
4702921684,30/04/2016,10144,8.229999542,8.229999542,0.319999993,2.029999971,0,4,36,263,728,3115,1,479,501
4702921684,01/05/2016,0,0,0,0,0,0,0,0,0,1440,2017,0,0,0
4702921684,02/05/2016,7245,5.920000076,5.920000076,0.379999995,1.74000001,0,5,40,195,1131,2859,0,0,0
4702921684,03/05/2016,9454,7.670000076,7.670000076,0,0,0,0,0,313,729,3145,1,327,373
4702921684,04/05/2016,8161,6.619999886,6.619999886,0.340000004,0.730000019,0,4,15,251,757,3004,1,412,434
4702921684,05/05/2016,8614,6.989999771,6.989999771,0.670000017,0.219999999,0,8,5,241,745,3006,1,414,428
4702921684,06/05/2016,6943,5.630000114,5.630000114,0.079999998,0.660000026,0,1,16,207,682,2859,1,404,449
4702921684,07/05/2016,14370,11.64999962,11.64999962,0.370000005,2.309999943,0,5,46,439,577,3683,1,520,543
4702921684,08/05/2016,12857,10.43000031,10.43000031,0.680000007,6.210000038,0,9,125,192,1019,3287,0,0,0
4702921684,09/05/2016,8232,6.679999828,6.679999828,0,0.569999993,0,0,12,253,746,2990,1,435,458
4702921684,10/05/2016,10613,8.609999657,8.609999657,0.079999998,1.879999995,0,1,37,262,701,3172,1,416,431
4702921684,11/05/2016,9810,7.960000038,7.960000038,0.779999971,2.160000086,0,10,41,235,784,3069,1,354,366
4702921684,12/05/2016,2752,2.230000019,2.230000019,0,0,0,0,0,68,241,1240,1,404,442
5553957443,12/04/2016,11596,7.570000172,7.570000172,1.370000005,0.790000021,0,19,13,277,767,2026,1,441,464
5553957443,13/04/2016,4832,3.160000086,3.160000086,0,0,0,0,0,226,647,1718,2,455,488
5553957443,14/04/2016,17022,11.11999989,11.11999989,4,2.450000048,0,61,41,256,693,2324,1,357,418
5553957443,15/04/2016,16556,10.85999966,10.85999966,4.159999847,1.980000019,0,58,38,239,689,2254,1,377,409
5553957443,16/04/2016,5771,3.769999981,3.769999981,0,0,0,0,0,288,521,1831,2,651,686
5553957443,17/04/2016,655,0.430000007,0.430000007,0,0,0,0,0,46,943,1397,1,350,402
5553957443,18/04/2016,3727,2.430000067,2.430000067,0,0,0,0,0,206,622,1683,2,520,541
5553957443,19/04/2016,15482,10.10999966,10.10999966,4.28000021,1.659999967,0,69,28,249,756,2284,1,357,410
5553957443,20/04/2016,2713,1.769999981,1.769999981,0,0,0,0,0,148,598,1570,1,658,678
5553957443,21/04/2016,12346,8.06000042,8.06000042,2.950000048,2.160000086,0,47,42,177,801,2066,1,399,431
5553957443,22/04/2016,11682,7.630000114,7.630000114,1.379999995,0.629999995,0,25,16,270,781,2105,1,322,353
5553957443,23/04/2016,4112,2.690000057,2.690000057,0,0,0,0,0,272,443,1776,2,631,725
5553957443,24/04/2016,1807,1.179999948,1.179999948,0,0,0,0,0,104,582,1507,2,553,640
5553957443,25/04/2016,10946,7.190000057,7.190000057,2.930000067,0.569999993,0,51,11,201,732,2033,1,433,468
5553957443,26/04/2016,11886,7.760000229,7.760000229,2.369999886,0.930000007,0,40,18,238,750,2093,1,412,453
5553957443,27/04/2016,10538,6.880000114,6.880000114,1.139999986,1,0,16,16,206,745,1922,1,347,391
5553957443,28/04/2016,11393,7.630000114,7.630000114,3.710000038,0.75,0,49,13,165,727,1999,1,421,457
5553957443,29/04/2016,12764,8.329999924,8.329999924,2.789999962,0.639999986,0,46,15,270,709,2169,1,450,495
5553957443,30/04/2016,1202,0.779999971,0.779999971,0,0,0,0,0,84,506,1463,2,775,843
5553957443,01/05/2016,5164,3.369999886,3.369999886,0,0,0,0,0,237,436,1747,2,622,686
5553957443,02/05/2016,9769,6.380000114,6.380000114,1.059999943,0.409999996,0,23,9,227,724,1996,1,409,471
5553957443,03/05/2016,12848,8.390000343,8.390000343,1.5,1.200000048,0,26,29,247,812,2116,1,380,429
5553957443,04/05/2016,4249,2.769999981,2.769999981,0,0,0,0,0,224,651,1698,1,447,470
5553957443,05/05/2016,14331,9.510000229,9.510000229,3.430000067,1.659999967,0,44,29,241,692,2156,1,419,464
5553957443,06/05/2016,9632,6.289999962,6.289999962,1.519999981,0.540000021,0,21,9,229,761,1916,1,400,434
5553957443,07/05/2016,1868,1.220000029,1.220000029,0,0,0,0,0,96,902,1494,1,442,470
5553957443,08/05/2016,6083,4,4,0.219999999,0.469999999,0,3,8,210,505,1762,1,568,608
5553957443,09/05/2016,11611,7.579999924,7.579999924,2.130000114,0.889999986,0,59,22,251,667,2272,1,453,494
5553957443,10/05/2016,16358,10.71000004,10.71000004,3.869999886,1.610000014,0,61,40,265,707,2335,1,418,443
5553957443,11/05/2016,4926,3.220000029,3.220000029,0,0,0,0,0,195,628,1693,1,463,486
5553957443,12/05/2016,3121,2.039999962,2.039999962,0.579999983,0.400000006,0,8,6,48,222,741,1,438,475
5577150313,12/04/2016,8135,6.079999924,6.079999924,3.599999905,0.379999995,0,86,16,140,728,3405,1,419,438
5577150313,13/04/2016,5077,3.789999962,3.789999962,0.319999993,0.219999999,0,15,11,144,776,2551,1,432,458
5577150313,14/04/2016,8596,6.420000076,6.420000076,3.329999924,0.310000002,0,118,30,176,662,4022,1,477,497
5577150313,15/04/2016,12087,9.079999924,9.079999924,3.920000076,1.600000024,0,115,54,199,695,4005,1,392,413
5577150313,16/04/2016,14269,10.65999985,10.65999985,6.639999866,1.279999971,0,184,56,158,472,4274,1,406,445
5577150313,17/04/2016,12231,9.140000343,9.140000343,5.980000019,0.829999983,0,200,37,159,525,4552,1,549,583
5577150313,18/04/2016,9893,7.389999866,7.389999866,4.860000134,0.720000029,0,114,32,130,623,3625,1,527,553
5577150313,19/04/2016,12574,9.420000076,9.420000076,7.019999981,0.639999986,0,108,23,111,733,3501,1,449,465
5577150313,20/04/2016,8330,6.21999979,6.21999979,4.119999886,0.340000004,0,87,16,113,773,3192,1,447,480
5577150313,21/04/2016,10830,8.090000153,8.090000153,3.650000095,1.659999967,0,110,74,175,670,4018,1,414,437
5577150313,22/04/2016,9172,6.849999905,6.849999905,2.420000076,0.790000021,0,62,30,200,823,3329,1,338,366
5577150313,23/04/2016,7638,5.710000038,5.710000038,1.210000038,0.360000014,0,24,24,223,627,3152,1,384,402
5577150313,24/04/2016,15764,11.77999973,11.77999973,7.650000095,2.150000095,0,210,65,141,425,4392,1,543,615
5577150313,25/04/2016,6393,4.78000021,4.78000021,1.350000024,0.670000017,0,61,38,214,743,3374,1,421,461
5577150313,26/04/2016,5325,3.980000019,3.980000019,0.850000024,0.649999976,0,38,32,181,759,3088,1,354,377
5577150313,27/04/2016,6805,5.139999866,5.139999866,1.809999943,0.400000006,0,63,16,190,773,3294,1,424,452
5577150313,28/04/2016,9841,7.429999828,7.429999828,3.25,1.169999957,0,99,51,141,692,3580,1,361,372
5577150313,29/04/2016,7924,5.920000076,5.920000076,2.839999914,0.610000014,0,97,36,165,739,3544,1,459,485
5577150313,30/04/2016,12363,9.239999771,9.239999771,5.829999924,0.790000021,0,207,45,163,621,4501,1,412,433
5577150313,01/05/2016,13368,9.989999771,9.989999771,5.309999943,1.440000057,0,194,72,178,499,4546,1,379,398
5577150313,02/05/2016,7439,5.559999943,5.559999943,1.120000005,0.349999994,0,37,20,235,732,3014,2,525,553
5577150313,03/05/2016,11045,8.25,8.25,4.519999981,0.150000006,0,97,8,212,580,3795,1,508,543
5577150313,04/05/2016,5206,3.890000105,3.890000105,1.559999943,0.25,0,25,9,141,631,2755,1,603,634
5577150313,05/05/2016,7550,5.639999866,5.639999866,2.5,0.469999999,0,45,21,143,1153,3004,1,74,78
5577150313,06/05/2016,4950,3.700000048,3.700000048,1.929999948,0.319999993,0,41,16,79,1304,2643,0,0,0
5577150313,07/05/2016,0,0,0,0,0,0,0,0,0,1440,1819,0,0,0
5577150313,08/05/2016,0,0,0,0,0,0,0,0,0,1440,1819,0,0,0
5577150313,09/05/2016,3421,2.559999943,2.559999943,1.429999948,0.140000001,0,34,11,70,1099,2489,0,0,0
5577150313,10/05/2016,8869,6.650000095,6.650000095,2.559999943,0.75,0,104,37,194,639,3841,1,504,562
5577150313,11/05/2016,4038,3.039999962,3.039999962,1.830000043,0.300000012,0,45,15,63,257,1665,1,431,476
6117666160,12/04/2016,0,0,0,0,0,0,0,0,0,1440,1496,0,0,0
6117666160,13/04/2016,0,0,0,0,0,0,0,0,0,1440,1496,0,0,0
6117666160,14/04/2016,0,0,0,0,0,0,0,0,0,1440,1496,0,0,0
6117666160,15/04/2016,14019,10.59000015,10.59000015,0,0.280000001,0,0,6,513,921,2865,0,0,0
6117666160,16/04/2016,14450,10.90999985,10.90999985,0.579999983,0.850000024,0,7,15,518,502,2828,1,380,398
6117666160,17/04/2016,7150,5.400000095,5.400000095,0,0,0,0,0,312,702,2225,2,336,350
6117666160,18/04/2016,5153,3.910000086,3.910000086,0,0,0,0,0,241,759,2018,2,493,510
6117666160,19/04/2016,11135,8.409999847,8.409999847,0,0,0,0,0,480,425,2606,1,465,492
6117666160,20/04/2016,10449,8.020000458,8.020000458,2.029999971,0.479999989,0,26,10,349,587,2536,1,474,502
6117666160,21/04/2016,19542,15.01000023,15.01000023,0.980000019,0.400000006,0,11,19,294,579,4900,1,508,550
6117666160,22/04/2016,8206,6.199999809,6.199999809,0,0,0,0,0,402,413,2409,1,480,546
6117666160,23/04/2016,11495,8.680000305,8.680000305,0,0,0,0,0,512,468,2651,1,492,539
6117666160,24/04/2016,7623,5.760000229,5.760000229,0,0,0,0,0,362,711,2305,1,353,367
6117666160,25/04/2016,0,0,0,0,0,0,0,0,0,1440,1497,0,0,0
6117666160,26/04/2016,9543,7.210000038,7.210000038,0,0.340000004,0,0,7,352,1077,2450,0,0,0
6117666160,27/04/2016,9411,7.110000134,7.110000134,0,0,0,0,0,458,417,2576,1,542,557
6117666160,28/04/2016,3403,2.599999905,2.599999905,0,0,0,0,0,141,758,1879,1,393,416
6117666160,29/04/2016,9592,7.239999771,7.239999771,0,0,0,0,0,461,479,2560,1,600,636
6117666160,30/04/2016,6987,5.28000021,5.28000021,0,0,0,0,0,343,1040,2275,0,0,0
6117666160,01/05/2016,8915,6.730000019,6.730000019,0,0,0,0,0,397,525,2361,1,507,575
6117666160,02/05/2016,4933,3.730000019,3.730000019,0,0,0,0,0,236,1204,2044,0,0,0
6117666160,03/05/2016,0,0,0,0,0,0,0,0,0,1440,1496,0,0,0
6117666160,04/05/2016,2997,2.25999999,2.25999999,0,0,0,0,0,156,1279,1902,0,0,0
6117666160,05/05/2016,9799,7.400000095,7.400000095,0,0,0,0,0,487,479,2636,1,392,415
6117666160,06/05/2016,3365,2.680000067,2.680000067,0,0,0,0,0,133,673,1838,2,658,698
6117666160,07/05/2016,7336,5.539999962,5.539999962,0,0,0,0,0,412,456,2469,2,498,507
6117666160,08/05/2016,7328,5.53000021,5.53000021,0,0,0,0,0,318,517,2250,1,555,603
6117666160,09/05/2016,4477,3.380000114,3.380000114,0,0,0,0,0,197,125,1248,1,492,522
6290855005,12/04/2016,4562,3.450000048,3.450000048,0,0,0,0,0,199,1241,2560,0,0,0
6290855005,13/04/2016,7142,5.400000095,5.400000095,0,0,0.01,0,0,350,1090,2905,0,0,0
6290855005,14/04/2016,7671,5.800000191,5.800000191,0,0,0.029999999,0,0,363,1077,2952,0,0,0
6290855005,15/04/2016,9501,7.179999828,7.179999828,0,0,0.01,0,0,328,1112,2896,0,0,0
6290855005,16/04/2016,8301,6.28000021,6.28000021,0,0,0.01,0,0,258,1182,2783,0,0,0
6290855005,17/04/2016,7851,5.940000057,5.940000057,1.139999986,0.790000021,0,31,12,225,1172,3171,0,0,0
6290855005,18/04/2016,6885,5.210000038,5.210000038,0,0,0.02,0,0,271,1169,2766,0,0,0
6290855005,19/04/2016,7142,5.400000095,5.400000095,0,0,0.01,0,0,321,1119,2839,0,0,0
6290855005,20/04/2016,6361,4.809999943,4.809999943,0,0,0.01,0,0,258,1182,2701,0,0,0
6290855005,21/04/2016,0,0,0,0,0,0,0,0,0,1440,2060,0,0,0
6290855005,22/04/2016,6238,4.71999979,4.71999979,0,0,0,0,0,302,1138,2796,0,0,0
6290855005,23/04/2016,0,0,0,0,0,0,33,0,0,1407,2664,0,0,0
6290855005,24/04/2016,5896,4.460000038,4.460000038,0,0,0,0,0,258,1182,2703,0,0,0
6290855005,25/04/2016,7802,5.900000095,5.900000095,0.680000007,0.180000007,0.01,8,3,249,1180,2771,0,0,0
6290855005,26/04/2016,0,0,0,0,0,0,0,0,0,1440,2060,0,0,0
6290855005,27/04/2016,5565,4.210000038,4.210000038,0,0,0.029999999,0,0,287,1153,2743,0,0,0
6290855005,28/04/2016,5731,4.329999924,4.329999924,0,0,0,0,0,255,1185,2687,0,0,0
6290855005,29/04/2016,0,0,0,0,0,0,0,0,0,1440,2060,0,0,0
6290855005,30/04/2016,6744,5.099999905,5.099999905,0,0,0.01,0,0,324,1116,2843,0,0,0
6290855005,01/05/2016,9837,7.440000057,7.440000057,0.660000026,2.75,0.02,8,95,282,1055,3327,0,0,0
6290855005,02/05/2016,6781,5.130000114,5.130000114,0,0,0.02,0,0,268,1172,2725,0,0,0
6290855005,03/05/2016,6047,4.570000172,4.570000172,0,0,0,0,0,240,1200,2671,0,0,0
6290855005,04/05/2016,5832,4.409999847,4.409999847,0,0,0.01,0,0,272,1168,2718,0,0,0
6290855005,05/05/2016,6339,4.789999962,4.789999962,0,0,0,0,0,239,1201,2682,0,0,0
6290855005,06/05/2016,6116,4.619999886,4.619999886,0,0,0.029999999,0,0,305,1135,2806,0,0,0
6290855005,07/05/2016,5510,4.170000076,4.170000076,0,0,0,0,0,227,1213,2613,0,0,0
6290855005,08/05/2016,7706,5.829999924,5.829999924,0,0,0,0,0,251,1189,2712,0,0,0
6290855005,09/05/2016,6277,4.75,4.75,0,0,0.02,0,0,264,800,2175,0,0,0
6290855005,10/05/2016,0,0,0,0,0,0,0,0,0,1440,0,0,0,0
6775888955,12/04/2016,0,0,0,0,0,0,0,0,0,1440,1841,0,0,0
6775888955,13/04/2016,4053,2.910000086,2.910000086,1.110000014,0.579999983,0,17,18,85,1053,2400,1,235,260
6775888955,14/04/2016,5162,3.700000048,3.700000048,0.870000005,0.860000014,0,14,24,105,863,2507,1,423,441
6775888955,15/04/2016,1282,0.920000017,0.920000017,0,0,0,0,0,58,976,2127,1,391,406
6775888955,16/04/2016,4732,3.390000105,3.390000105,2.519999981,0.810000002,0,36,18,9,1377,2225,0,0,0
6775888955,17/04/2016,2497,1.789999962,1.789999962,0.349999994,1.129999995,0,5,24,19,1392,2067,0,0,0
6775888955,18/04/2016,8294,5.949999809,5.949999809,2,0.769999981,0,30,31,146,1233,2798,0,0,0
6775888955,19/04/2016,0,0,0,0,0,0,0,0,0,1440,1841,0,0,0
6775888955,20/04/2016,10771,7.71999979,7.71999979,3.769999981,1.74000001,0,70,113,178,1079,3727,0,0,0
6775888955,21/04/2016,0,0,0,0,0,0,0,0,0,1440,1841,0,0,0
6775888955,22/04/2016,637,0.460000008,0.460000008,0,0,0,0,0,20,1420,1922,0,0,0
6775888955,23/04/2016,0,0,0,0,0,0,0,0,0,1440,1841,0,0,0
6775888955,24/04/2016,2153,1.539999962,1.539999962,0.769999981,0.620000005,0,11,18,11,1400,2053,0,0,0
6775888955,25/04/2016,6474,4.639999866,4.639999866,2.269999981,0.460000008,0,33,13,92,1302,2484,0,0,0
6775888955,26/04/2016,7091,5.269999981,5.269999981,3.480000019,0.870000005,0,42,30,47,1321,2584,0,0,0
6775888955,27/04/2016,0,0,0,0,0,0,0,0,0,1440,1841,0,0,0
6775888955,28/04/2016,703,0.5,0.5,0.059999999,0.200000003,0,2,13,15,1410,1993,0,0,0
6775888955,29/04/2016,0,0,0,0,0,0,0,0,0,1440,1841,0,0,0
6775888955,30/04/2016,2503,1.789999962,1.789999962,0.159999996,0.159999996,0,3,9,84,1344,2280,0,0,0
6775888955,01/05/2016,2487,1.779999971,1.779999971,0.479999989,0.620000005,0,9,34,50,1347,2319,0,0,0
6775888955,02/05/2016,0,0,0,0,0,0,0,0,0,1440,1841,0,0,0
6775888955,03/05/2016,9,0.01,0.01,0,0,0,0,0,1,1439,1843,0,0,0
6775888955,04/05/2016,0,0,0,0,0,0,0,0,0,1440,1841,0,0,0
6775888955,05/05/2016,0,0,0,0,0,0,0,0,0,1440,1841,0,0,0
6775888955,06/05/2016,4697,3.369999886,3.369999886,0.469999999,0.930000007,0,12,35,75,1318,2496,0,0,0
6775888955,07/05/2016,1967,1.409999967,1.409999967,0.129999995,0.239999995,0,2,5,49,551,1032,0,0,0
6962181067,12/04/2016,10199,6.739999771,6.739999771,3.400000095,0.829999983,0,50,14,189,796,1994,1,366,387
6962181067,13/04/2016,5652,3.74000001,3.74000001,0.569999993,1.210000038,0,8,24,142,548,1718,3,630,679
6962181067,14/04/2016,1551,1.029999971,1.029999971,0,0,0,0,0,86,862,1466,2,508,535
6962181067,15/04/2016,5563,3.680000067,3.680000067,0,0,0,0,0,217,837,1756,1,370,386
6962181067,16/04/2016,13217,8.739999771,8.739999771,3.660000086,0.189999998,0,50,3,280,741,2173,1,357,366
6962181067,17/04/2016,10145,6.710000038,6.710000038,0.330000013,0.680000007,0,5,13,295,634,2027,1,427,446
6962181067,18/04/2016,11404,7.539999962,7.539999962,0.829999983,2.390000105,0,13,42,238,689,2039,1,442,458
6962181067,19/04/2016,10742,7.099999905,7.099999905,2.099999905,2.130000114,0,35,41,195,659,2046,1,476,535
6962181067,20/04/2016,13928,9.550000191,9.550000191,4.28000021,0.189999998,0,48,4,297,639,2174,1,418,424
6962181067,21/04/2016,11835,9.710000038,7.880000114,3.99000001,2.099999905,0.109999999,53,27,214,708,2179,1,451,457
6962181067,22/04/2016,10725,7.090000153,7.090000153,1.769999981,1.549999952,0,30,33,240,659,2086,1,425,435
6962181067,23/04/2016,20031,13.23999977,13.23999977,4.199999809,2,0,58,41,347,484,2571,1,528,546
6962181067,24/04/2016,5029,3.319999933,3.319999933,0,0,0,0,0,199,720,1705,1,511,514
6962181067,25/04/2016,13239,9.270000458,9.079999924,3.019999981,1.679999948,0.100000001,35,31,282,637,2194,1,400,415
6962181067,26/04/2016,10433,6.900000095,6.900000095,2.579999924,0.419999987,0,36,7,254,680,2012,1,441,446
6962181067,27/04/2016,10320,6.820000172,6.820000172,0.550000012,2.019999981,0,7,38,279,697,2034,1,455,467
6962181067,28/04/2016,12627,8.350000381,8.350000381,2.50999999,0.239999995,0,38,8,288,621,2182,1,440,453
6962181067,29/04/2016,10762,7.110000134,7.110000134,0.819999993,0.479999989,0,12,15,369,645,2254,1,433,447
6962181067,30/04/2016,10081,6.659999847,6.659999847,2.24000001,0.75999999,0,32,16,237,731,2002,1,422,424
6962181067,01/05/2016,5454,3.609999895,3.609999895,0,0,0,0,0,215,722,1740,1,411,426
6962181067,02/05/2016,12912,8.539999962,8.539999962,1.200000048,2,0,18,39,313,655,2162,1,466,482
6962181067,03/05/2016,12109,8.119999886,8.119999886,1.74000001,2.039999962,0,21,36,267,654,2072,1,394,418
6962181067,04/05/2016,10147,6.710000038,6.710000038,0.469999999,1.679999948,0,15,36,284,683,2086,1,442,455
6962181067,05/05/2016,10524,6.960000038,6.960000038,0.99000001,1.159999967,0,14,22,305,591,2066,1,467,491
6962181067,06/05/2016,5908,3.910000086,3.910000086,0,0,0,0,0,299,717,1850,1,443,462
6962181067,07/05/2016,6815,4.5,4.5,0,0,0,0,0,328,745,1947,1,298,334
6962181067,08/05/2016,4188,2.769999981,2.769999981,0,0.519999981,0,0,14,151,709,1659,1,541,569
6962181067,09/05/2016,12342,8.720000267,8.680000305,3.900000095,1.179999948,0,43,21,231,607,2105,1,489,497
6962181067,10/05/2016,15448,10.21000004,10.21000004,3.470000029,1.75,0,62,34,275,626,2361,1,469,481
6962181067,11/05/2016,6722,4.440000057,4.440000057,1.49000001,0.310000002,0,24,7,199,709,1855,1,452,480
6962181067,12/05/2016,3587,2.369999886,2.369999886,0,0.25,0,0,8,105,127,928,1,516,535
7007744171,12/04/2016,14172,10.28999996,9.479999542,4.5,0.379999995,0,53,8,355,1024,2937,0,0,0
7007744171,13/04/2016,12862,9.649999619,8.600000381,4.610000134,0.560000002,0,56,22,261,1101,2742,0,0,0
7007744171,14/04/2016,11179,8.239999771,7.480000019,2.950000048,0.340000004,0,34,6,304,1096,2668,0,0,0
7007744171,15/04/2016,5273,3.529999971,3.529999971,0,0,0,0,0,202,1238,2098,0,0,0
7007744171,16/04/2016,4631,3.099999905,3.099999905,0,0,0,0,0,203,1155,2076,1,79,82
7007744171,17/04/2016,8059,5.389999866,5.389999866,0,0,0,0,0,305,1135,2383,0,0,0
7007744171,18/04/2016,14816,10.97999954,9.909999847,3.789999962,2.119999886,0.02,48,31,284,1077,2832,0,0,0
7007744171,19/04/2016,14194,10.47999954,9.5,4.409999847,0.75999999,0,53,17,304,1066,2812,0,0,0
7007744171,20/04/2016,15566,11.31000042,10.40999985,4.789999962,0.670000017,0,60,33,347,1000,3096,0,0,0
7007744171,21/04/2016,13744,9.18999958,9.18999958,2.150000095,1.870000005,0,30,34,327,1049,2763,0,0,0
7007744171,22/04/2016,15299,10.23999977,10.23999977,4.099999905,1.75999999,0,64,50,261,1065,2889,0,0,0
7007744171,23/04/2016,8093,5.409999847,5.409999847,0.129999995,1.129999995,0,2,25,223,1190,2284,0,0,0
7007744171,24/04/2016,11085,7.420000076,7.420000076,0,0,0,0,0,419,1021,2667,0,0,0
7007744171,25/04/2016,18229,13.34000015,12.19999981,4.309999943,1.370000005,0,51,24,379,986,3055,0,0,0
7007744171,26/04/2016,15090,10.10000038,10.10000038,0.930000007,0.939999998,0,16,22,424,978,2939,0,0,0
7007744171,27/04/2016,13541,10.22000027,9.06000042,4.269999981,0.660000026,0,50,12,337,1041,2830,0,0,0
7007744171,28/04/2016,15128,10.11999989,10.11999989,1.090000033,0.769999981,0,16,16,401,1007,2836,0,0,0
7007744171,29/04/2016,20067,14.30000019,13.42000008,4.309999943,2.049999952,0,55,42,382,961,3180,0,0,0
7007744171,30/04/2016,3761,2.519999981,2.519999981,0,0,0,0,0,200,1240,2051,0,0,0
7007744171,01/05/2016,5600,3.75,3.75,0,0,0,0,0,237,1142,2225,1,58,61
7007744171,02/05/2016,13041,9.180000305,8.720000267,4.639999866,0.699999988,0,64,14,250,1112,2642,0,0,0
7007744171,03/05/2016,14510,10.86999989,9.710000038,4.480000019,1.019999981,0,58,31,330,1021,2976,0,0,0
7007744171,04/05/2016,0,0,0,0,0,0,0,0,0,1440,1557,0,0,0
7007744171,05/05/2016,15010,11.10000038,10.03999996,4.329999924,1.289999962,0,53,23,317,1047,2933,0,0,0
7007744171,06/05/2016,11459,7.670000076,7.670000076,3,0.810000002,0,44,13,247,1136,2553,0,0,0
7007744171,07/05/2016,0,0,0,0,0,0,0,0,0,111,120,0,0,0
7086361926,12/04/2016,11317,8.409999847,8.409999847,5.269999981,0.150000006,0,59,6,153,745,2772,1,514,525
7086361926,13/04/2016,5813,3.619999886,3.619999886,0.560000002,0.209999993,0,31,26,155,744,2516,1,451,465
7086361926,14/04/2016,9123,6.119999886,6.119999886,2.029999971,0.330000013,0,35,32,189,787,2734,1,472,476
7086361926,15/04/2016,8585,5.670000076,5.670000076,2.039999962,1.110000014,0,30,21,139,864,2395,1,377,386
7086361926,16/04/2016,31,0.01,0.01,0,0,0,0,0,3,1437,1635,0,0,0
7086361926,17/04/2016,0,0,0,0,0,0,0,0,0,1440,1629,0,0,0
7086361926,18/04/2016,9827,6.710000038,6.710000038,3.170000076,1.220000029,0,61,51,114,1136,2743,0,0,0
7086361926,19/04/2016,10688,7.289999962,7.289999962,3.529999971,1.230000019,0,67,69,124,671,2944,1,472,483
7086361926,20/04/2016,14365,10.64000034,10.64000034,7.639999866,0.449999988,0,87,13,145,797,2997,1,492,502
7086361926,21/04/2016,9469,6.179999828,6.179999828,1.360000014,0.300000012,0,19,6,206,758,2463,1,390,411
7086361926,22/04/2016,9753,6.53000021,6.53000021,2.869999886,0.970000029,0,58,59,153,762,2846,1,428,448
7086361926,23/04/2016,2817,1.809999943,1.809999943,0,0,0,0,0,90,1350,1965,0,0,0
7086361926,24/04/2016,3520,2.160000086,2.160000086,0,0,0,0,0,125,566,2049,1,681,704
7086361926,25/04/2016,10091,6.820000172,6.820000172,3.75,0.699999988,0,69,39,129,706,2752,1,446,447
7086361926,26/04/2016,10387,7.070000172,7.070000172,4.159999847,0.769999981,0,70,33,132,726,2781,1,485,500
7086361926,27/04/2016,11107,8.340000153,8.340000153,5.630000114,0.180000007,0,55,6,145,829,2693,1,469,479
7086361926,28/04/2016,11584,7.800000191,7.800000191,2.789999962,1.639999986,0,54,48,161,810,2862,1,354,367
7086361926,29/04/2016,7881,4.949999809,4.949999809,0.49000001,0.449999988,0,24,36,182,1198,2616,0,0,0
7086361926,30/04/2016,14560,9.409999847,9.409999847,3.119999886,1.039999962,0,42,17,308,584,2995,1,485,489
7086361926,01/05/2016,12390,8.069999695,8.069999695,2.299999952,0.899999976,0,30,15,258,685,2730,1,388,407
7086361926,02/05/2016,10052,6.809999943,6.809999943,3.480000019,0.660000026,0,66,26,139,737,2754,1,440,459
7086361926,03/05/2016,10288,6.760000229,6.760000229,2.74000001,0.850000024,0,57,36,152,761,2754,1,456,461
7086361926,04/05/2016,10988,8.31000042,8.31000042,5.28000021,0.119999997,0,45,12,135,843,2655,1,420,436
7086361926,05/05/2016,8564,5.599999905,5.599999905,1.779999971,0.829999983,0,24,14,149,1253,2386,0,0,0
7086361926,06/05/2016,12461,8.380000114,8.380000114,3.819999933,1.429999948,0,84,35,154,834,2924,1,322,333
7086361926,07/05/2016,12827,8.479999542,8.479999542,1.460000038,2.329999924,0,20,42,209,621,2739,1,530,548
7086361926,08/05/2016,10677,7.099999905,7.099999905,2.309999943,1.529999971,0,32,27,147,695,2534,1,481,510
7086361926,09/05/2016,13566,9.109999657,9.109999657,4.260000229,1.710000038,0,67,50,171,743,2960,1,427,438
7086361926,10/05/2016,14433,10.78999996,10.78999996,7.110000134,1.200000048,0,72,23,106,1182,2800,0,0,0
7086361926,11/05/2016,9572,6.519999981,6.519999981,2.890000105,1.389999986,0,57,40,128,757,2735,1,451,463
7086361926,12/05/2016,3789,2.559999943,2.559999943,0.379999995,0.270000011,0,5,4,58,343,1199,1,444,457
8053475328,12/04/2016,18060,14.11999989,14.11999989,11.64000034,0.389999986,0,116,8,123,1193,3186,0,0,0
8053475328,13/04/2016,16433,13.35000038,13.35000038,10.43000031,0.469999999,0,95,12,156,1177,3140,0,0,0
8053475328,14/04/2016,20159,15.97000027,15.97000027,12.34000015,0.209999993,0,119,5,193,1123,3411,0,0,0
8053475328,15/04/2016,20669,16.23999977,16.23999977,13.26000023,0.389999986,0,132,8,158,1142,3410,0,0,0
8053475328,16/04/2016,14549,11.10999966,11.10999966,9.359999657,0.270000011,0,96,6,83,1255,2867,0,0,0
8053475328,17/04/2016,18827,13.68999958,13.68999958,9.239999771,0.800000012,0,111,21,195,1113,3213,0,0,0
8053475328,18/04/2016,17076,12.65999985,12.65999985,9.079999924,0.230000004,0,102,6,195,1137,3133,0,0,0
8053475328,19/04/2016,15929,12.47999954,12.47999954,9.220000267,0.310000002,0,90,7,191,1152,3114,0,0,0
8053475328,20/04/2016,15108,12.18999958,12.18999958,9.579999924,0.230000004,0,89,5,158,695,3043,1,486,493
8053475328,21/04/2016,16057,12.51000023,12.51000023,9.670000076,0.25,0,100,6,170,1164,3103,0,0,0
8053475328,22/04/2016,10520,8.289999962,8.289999962,6.260000229,0.150000006,0,60,3,117,1260,2655,0,0,0
8053475328,23/04/2016,22359,17.19000053,17.19000053,12.53999996,0.629999995,0,125,14,223,741,3554,1,331,337
8053475328,24/04/2016,22988,17.95000076,17.95000076,13.13000011,1.549999952,0,129,33,182,1096,3577,0,0,0
8053475328,25/04/2016,20500,15.68999958,15.68999958,11.36999989,0.460000008,0,118,9,209,1104,3403,0,0,0
8053475328,26/04/2016,12685,9.619999886,9.619999886,6.309999943,0.200000003,0,68,5,185,1182,2846,0,0,0
8053475328,27/04/2016,12422,9.819999695,9.819999695,6.460000038,0.430000007,0,60,10,183,1187,2852,0,0,0
8053475328,28/04/2016,15447,12.39999962,12.39999962,9.670000076,0.389999986,0,90,9,153,1188,3062,0,0,0
8053475328,29/04/2016,12315,9.649999619,9.649999619,6.170000076,0.310000002,0,58,8,159,1215,2794,0,0,0
8053475328,30/04/2016,7135,5.590000153,5.590000153,2.99000001,0.059999999,0,27,1,131,1281,2408,0,0,0
8053475328,01/05/2016,1170,0.850000024,0.850000024,0,0,0,0,0,51,1389,1886,0,0,0
8053475328,02/05/2016,1969,1.429999948,1.429999948,0,0,0,0,0,95,1345,1988,0,0,0
8053475328,03/05/2016,15484,11.89999962,11.89999962,8.390000343,0.930000007,0,87,22,165,1166,3023,0,0,0
8053475328,04/05/2016,14581,11.14999962,11.14999962,8.819999695,0.400000006,0,89,8,123,1220,2918,0,0,0
8053475328,05/05/2016,14990,11.51000023,11.51000023,8.850000381,0.449999988,0,93,9,130,1208,2950,0,0,0
8053475328,06/05/2016,13953,11,11,9.100000381,0.689999998,0,90,15,90,1245,2859,0,0,0
8053475328,07/05/2016,19769,15.67000008,15.67000008,12.43999958,0.879999995,0,121,20,148,1076,3331,1,74,75
8053475328,08/05/2016,22026,17.64999962,17.64999962,13.39999962,0.589999974,0,125,14,228,1073,3589,0,0,0
8053475328,09/05/2016,12465,9.380000114,9.380000114,6.119999886,0.569999993,0,66,12,148,1214,2765,0,0,0
8053475328,10/05/2016,14810,11.35999966,11.35999966,9.090000153,0.419999987,0,96,10,115,1219,2926,0,0,0
8053475328,11/05/2016,12209,9.399999619,9.399999619,6.079999924,0.280000001,0,60,7,184,1189,2809,0,0,0
8053475328,12/05/2016,4998,3.910000086,3.910000086,2.950000048,0.200000003,0,28,4,39,839,1505,0,0,0
8253242879,12/04/2016,9033,7.159999847,7.159999847,5.429999828,0.140000001,0,40,2,154,1244,2044,0,0,0
8253242879,13/04/2016,8053,6.099999905,6.099999905,4.170000076,0.629999995,0,35,11,96,1298,1935,0,0,0
8253242879,14/04/2016,5234,3.460000038,3.460000038,1.929999948,0.99000001,0,29,16,33,1362,1705,0,0,0
8253242879,15/04/2016,2672,1.769999981,1.769999981,0,0,0,0,0,105,1335,1632,0,0,0
8253242879,16/04/2016,9256,6.139999866,6.139999866,0.430000007,3.269999981,0,6,51,115,1268,1880,0,0,0
8253242879,17/04/2016,10204,7.909999847,7.909999847,5.429999828,0.150000006,0,41,5,157,1237,2112,0,0,0
8253242879,18/04/2016,5151,3.480000019,3.480000019,1.039999962,0.629999995,0,16,16,130,1278,1829,0,0,0
8253242879,19/04/2016,4212,2.779999971,2.779999971,0,0,0,0,0,164,1276,1763,0,0,0
8253242879,20/04/2016,6466,4.269999981,4.269999981,0.330000013,0.819999993,0.01,5,18,216,1201,1931,0,0,0
8253242879,21/04/2016,11268,8.56000042,8.56000042,5.880000114,0.930000007,0,49,20,172,1199,2218,0,0,0
8253242879,22/04/2016,2824,1.870000005,1.870000005,0,0,0,0,0,120,1320,1651,0,0,0
8253242879,23/04/2016,9282,6.260000229,6.260000229,2.089999914,1.039999962,0,30,26,191,1193,2132,0,0,0
8253242879,24/04/2016,8905,7.130000114,7.130000114,5.599999905,0.189999998,0,41,4,82,1313,1976,0,0,0
8253242879,25/04/2016,6829,4.510000229,4.510000229,0.360000014,2.390000105,0,7,54,118,1261,1909,0,0,0
8253242879,26/04/2016,4562,3.039999962,3.039999962,1.179999948,0.49000001,0,19,14,108,1299,1813,0,0,0
8253242879,27/04/2016,10232,8.180000305,8.180000305,6.239999771,0.230000004,0,45,5,104,1286,2008,0,0,0
8253242879,28/04/2016,2718,1.799999952,1.799999952,0.670000017,0.779999971,0,11,16,20,1393,1580,0,0,0
8253242879,29/04/2016,6260,4.260000229,4.260000229,1.289999962,0.540000021,0,16,14,136,1257,1854,0,0,0
8253242879,30/04/2016,0,0,0,0,0,0,0,0,0,1440,0,0,0,0
8378563200,12/04/2016,7626,6.050000191,6.050000191,0.829999983,0.709999979,0,65,15,156,723,3635,1,338,356
8378563200,13/04/2016,12386,9.819999695,9.819999695,4.960000038,0.649999976,0,116,14,169,680,4079,2,447,487
8378563200,14/04/2016,13318,10.56000042,10.56000042,5.619999886,1.029999971,0,123,21,174,699,4163,1,424,455
8378563200,15/04/2016,14461,11.47000027,11.47000027,4.909999847,1.149999976,0,60,23,190,729,3666,1,513,533
8378563200,16/04/2016,11207,8.890000343,8.890000343,5.369999886,1.070000052,0,64,21,142,563,3363,2,611,689
8378563200,17/04/2016,2132,1.690000057,1.690000057,0,0,0,0,0,93,599,2572,2,525,591
8378563200,18/04/2016,13630,10.81000042,10.81000042,5.050000191,0.560000002,0,117,10,174,720,4157,1,398,451
8378563200,19/04/2016,13070,10.35999966,10.35999966,5.300000191,0.879999995,0,120,19,154,737,4092,1,387,421
8378563200,20/04/2016,9388,7.440000057,7.440000057,2.230000019,0.439999998,0,82,8,169,763,3787,1,381,409
8378563200,21/04/2016,15148,12.01000023,12.01000023,6.900000095,0.819999993,0,137,16,145,677,4236,1,396,417
8378563200,22/04/2016,12200,9.670000076,9.670000076,4.909999847,0.589999974,0,113,12,159,769,4044,1,441,469
8378563200,23/04/2016,5709,4.53000021,4.53000021,1.519999981,0.519999981,0,19,10,136,740,2908,1,565,591
8378563200,24/04/2016,3703,2.940000057,2.940000057,0,0,0,0,0,135,734,2741,1,458,492
8378563200,25/04/2016,12405,9.840000153,9.840000153,5.050000191,0.870000005,0,117,16,141,692,4005,1,388,402
8378563200,26/04/2016,16208,12.85000038,12.85000038,7.510000229,0.920000017,0,90,18,161,593,3763,1,550,584
8378563200,27/04/2016,7359,5.840000153,5.840000153,0.330000013,0.180000007,0,4,4,192,676,3061,1,531,600
8378563200,28/04/2016,5417,4.300000191,4.300000191,0.899999976,0.49000001,0,11,10,139,711,2884,1,506,556
8378563200,29/04/2016,6175,4.900000095,4.900000095,0.25,0.360000014,0,3,7,172,767,2982,1,527,562
8378563200,30/04/2016,2946,2.339999914,2.339999914,0,0,0,0,0,121,780,2660,1,468,555
8378563200,01/05/2016,11419,9.06000042,9.06000042,6.03000021,0.560000002,0,71,10,127,669,3369,1,475,539
8378563200,02/05/2016,6064,4.809999943,4.809999943,0.629999995,0.170000002,0,63,4,142,802,3491,1,351,385
8378563200,03/05/2016,8712,6.909999847,6.909999847,1.340000033,1.059999943,0,71,20,195,822,3784,1,405,429
8378563200,04/05/2016,7875,6.239999771,6.239999771,1.559999943,0.49000001,0,19,10,167,680,3110,1,441,477
8378563200,05/05/2016,8567,6.789999962,6.789999962,0.889999986,0.159999996,0,66,3,214,764,3783,1,381,417
8378563200,06/05/2016,7045,5.590000153,5.590000153,1.549999952,0.25,0,74,5,166,831,3644,1,323,355
8378563200,07/05/2016,4468,3.539999962,3.539999962,0,0,0,0,0,158,851,2799,2,459,513
8378563200,08/05/2016,2943,2.329999924,2.329999924,0,0,0,0,0,139,621,2685,1,545,606
8378563200,09/05/2016,8382,6.650000095,6.650000095,1.269999981,0.660000026,0,71,13,171,772,3721,1,359,399
8378563200,10/05/2016,6582,5.21999979,5.21999979,0.660000026,0.639999986,0,63,13,152,840,3586,1,342,391
8378563200,11/05/2016,9143,7.25,7.25,1.389999986,0.589999974,0,72,10,184,763,3788,1,368,387
8378563200,12/05/2016,4561,3.619999886,3.619999886,0.649999976,0.270000011,0,8,6,102,433,1976,1,496,546
8583815059,12/04/2016,5014,3.910000086,3.910000086,0,0.330000013,0,0,7,196,1237,2650,0,0,0
8583815059,13/04/2016,5571,4.349999905,4.349999905,0.150000006,0.970000029,0,2,23,163,1252,2654,0,0,0
8583815059,14/04/2016,3135,2.450000048,2.450000048,0,0,0,0,0,134,1306,2443,0,0,0
8583815059,15/04/2016,3430,2.680000067,2.680000067,0,0,0,0,0,65,1375,2505,0,0,0
8583815059,16/04/2016,5319,4.150000095,4.150000095,0,0,0,0,0,0,1440,2693,0,0,0
8583815059,17/04/2016,3008,2.349999905,2.349999905,0,0,0,0,0,0,1440,2439,0,0,0
8583815059,18/04/2016,3864,3.00999999,3.00999999,0.310000002,1.059999943,0,4,22,105,1309,2536,0,0,0
8583815059,19/04/2016,5697,4.440000057,4.440000057,0.529999971,0.479999989,0,7,10,166,1257,2668,0,0,0
8583815059,20/04/2016,5273,4.110000134,4.110000134,0,1.039999962,0,0,27,167,1246,2647,0,0,0
8583815059,21/04/2016,8538,6.659999847,6.659999847,2.630000114,1.019999981,0,35,18,158,1229,2883,0,0,0
8583815059,22/04/2016,8687,6.78000021,6.78000021,0.289999992,2.410000086,0,4,54,212,1170,2944,0,0,0
8583815059,23/04/2016,9423,7.349999905,7.349999905,0.529999971,2.029999971,0,7,44,238,1151,3012,0,0,0
8583815059,24/04/2016,8286,6.460000038,6.460000038,0.150000006,2.049999952,0,2,44,206,1188,2889,0,0,0
8583815059,25/04/2016,4503,3.50999999,3.50999999,1.470000029,0.239999995,0,18,6,122,1294,2547,0,0,0
8583815059,26/04/2016,10499,8.18999958,8.18999958,0.07,4.21999979,0,1,91,214,1134,3093,0,0,0
8583815059,27/04/2016,12474,9.729999542,9.729999542,6.599999905,0.270000011,0,77,5,129,1229,3142,0,0,0
8583815059,28/04/2016,6174,4.820000172,4.820000172,0,1.200000048,0,0,28,203,1209,2757,0,0,0
8583815059,29/04/2016,15168,11.82999992,11.82999992,3.900000095,3,0,46,67,258,1069,3513,0,0,0
8583815059,30/04/2016,10085,7.869999886,7.869999886,0.150000006,1.279999971,0,2,28,317,1093,3164,0,0,0
8583815059,01/05/2016,4512,3.519999981,3.519999981,0.779999971,0.119999997,0,10,2,117,1311,2596,0,0,0
8583815059,02/05/2016,8469,6.610000134,6.610000134,0,0,0,0,0,0,1440,2894,0,0,0
8583815059,03/05/2016,12015,9.369999886,9.369999886,0,0,0,0,0,0,1440,3212,0,0,0
8583815059,04/05/2016,3588,2.799999952,2.799999952,0,0,0,0,0,0,1440,2516,0,0,0
8583815059,05/05/2016,12427,9.68999958,9.68999958,0,0,0,0,0,70,1370,3266,0,0,0
8583815059,06/05/2016,5843,4.559999943,4.559999943,0.140000001,1.190000057,0,2,22,166,1250,2683,0,0,0
8583815059,07/05/2016,6117,4.769999981,4.769999981,0,0,0,0,0,250,1190,2810,0,0,0
8583815059,08/05/2016,9217,7.190000057,7.190000057,0.219999999,3.309999943,0,3,72,182,1183,2940,0,0,0
8583815059,09/05/2016,9877,7.699999809,7.699999809,5.760000229,0.170000002,0,66,4,110,1260,2947,0,0,0
8583815059,10/05/2016,8240,6.429999828,6.429999828,0.689999998,2.00999999,0,9,43,162,1226,2846,0,0,0
8583815059,11/05/2016,8701,6.789999962,6.789999962,0.370000005,3.24000001,0,5,71,177,1106,2804,0,0,0
8583815059,12/05/2016,0,0,0,0,0,0,0,0,0,1440,0,0,0,0
8792009665,12/04/2016,2564,1.639999986,1.639999986,0,0,0,0,0,116,831,2044,1,458,493
8792009665,13/04/2016,1320,0.839999974,0.839999974,0,0,0,0,0,82,806,1934,1,531,552
8792009665,14/04/2016,1219,0.779999971,0.779999971,0,0,0,0,0,84,853,1963,1,486,503
8792009665,15/04/2016,2483,1.590000033,1.590000033,0,0,0,0,0,126,937,2009,1,363,377
8792009665,16/04/2016,244,0.159999996,0.159999996,0,0,0,0,0,12,1428,1721,0,0,0
8792009665,17/04/2016,0,0,0,0,0,0,0,0,0,1440,1688,0,0,0
8792009665,18/04/2016,0,0,0,0,0,0,0,0,0,1440,1688,0,0,0
8792009665,19/04/2016,0,0,0,0,0,0,0,0,0,1440,1688,0,0,0
8792009665,20/04/2016,3147,2.00999999,2.00999999,0,0.280000001,0,0,10,139,744,2188,1,528,547
8792009665,21/04/2016,144,0.090000004,0.090000004,0,0,0,0,0,9,1431,1720,0,0,0
8792009665,22/04/2016,4068,2.599999905,2.599999905,0.050000001,0.280000001,0,1,20,195,817,2419,1,391,407
8792009665,23/04/2016,5245,3.359999895,3.359999895,0.159999996,0.439999998,0,8,45,232,795,2748,1,339,360
8792009665,24/04/2016,400,0.25999999,0.25999999,0.039999999,0.050000001,0,3,8,19,1410,1799,0,0,0
8792009665,25/04/2016,0,0,0,0,0,0,0,0,0,1440,1688,0,0,0
8792009665,26/04/2016,1321,0.850000024,0.850000024,0,0,0,0,0,80,1360,1928,0,0,0
8792009665,27/04/2016,1758,1.129999995,1.129999995,0,0,0,0,0,112,900,2067,1,423,428
8792009665,28/04/2016,6157,3.940000057,3.940000057,0,0,0,0,0,310,714,2780,1,402,416
8792009665,29/04/2016,8360,5.349999905,5.349999905,0.140000001,0.280000001,0,6,14,380,634,3101,1,398,406
8792009665,30/04/2016,7174,4.590000153,4.590000153,0.330000013,0.360000014,0,10,20,301,749,2896,1,343,360
8792009665,01/05/2016,1619,1.039999962,1.039999962,0,0,0,0,0,79,834,1962,1,503,527
8792009665,02/05/2016,1831,1.169999957,1.169999957,0,0,0,0,0,101,916,2015,1,415,423
8792009665,03/05/2016,2421,1.549999952,1.549999952,0,0,0,0,0,156,739,2297,1,516,545
8792009665,04/05/2016,2283,1.460000038,1.460000038,0,0,0,0,0,129,848,2067,1,439,463
8792009665,05/05/2016,0,0,0,0,0,0,0,0,0,1440,1688,0,0,0
8792009665,06/05/2016,0,0,0,0,0,0,0,0,0,1440,1688,0,0,0
8792009665,07/05/2016,0,0,0,0,0,0,0,0,0,1440,1688,0,0,0
8792009665,08/05/2016,0,0,0,0,0,0,0,0,0,1440,1688,0,0,0
8792009665,09/05/2016,0,0,0,0,0,0,0,0,0,1440,1688,0,0,0
8792009665,10/05/2016,0,0,0,0,0,0,0,0,0,48,57,0,0,0
8877689391,12/04/2016,23186,20.39999962,20.39999962,12.22000027,0.340000004,0,85,7,312,1036,3921,0,0,0
8877689391,13/04/2016,15337,9.579999924,9.579999924,3.549999952,0.379999995,0,108,18,216,1098,3566,0,0,0
8877689391,14/04/2016,21129,18.97999954,18.97999954,10.55000019,0.589999974,0.02,68,13,298,1061,3793,0,0,0
8877689391,15/04/2016,13422,7.170000076,7.170000076,0.050000001,0.050000001,0.01,106,1,281,1052,3934,0,0,0
8877689391,16/04/2016,29326,25.29000092,25.29000092,13.23999977,1.210000038,0,94,29,429,888,4547,0,0,0
8877689391,17/04/2016,15118,8.869999886,8.869999886,0,0.07,0,58,15,307,1060,3545,0,0,0
8877689391,18/04/2016,11423,8.670000076,8.670000076,2.440000057,0.270000011,0,29,5,191,1215,2761,0,0,0
8877689391,19/04/2016,18785,17.39999962,17.39999962,12.14999962,0.180000007,0,82,13,214,1131,3676,0,0,0
8877689391,20/04/2016,19948,18.11000061,18.11000061,11.02000046,0.689999998,0,73,19,225,1123,3679,0,0,0
8877689391,21/04/2016,19377,17.62000084,17.62000084,12.28999996,0.419999987,0,82,13,226,1119,3659,0,0,0
8877689391,22/04/2016,18258,16.30999947,16.30999947,10.22999954,0.029999999,0.050000001,61,2,236,1141,3427,0,0,0
8877689391,23/04/2016,11200,7.429999828,7.429999828,0,0,0.01,102,6,300,1032,3891,0,0,0
8877689391,24/04/2016,16674,15.73999977,15.73999977,11.01000023,0.01,0,64,1,227,1148,3455,0,0,0
8877689391,25/04/2016,12986,8.739999771,8.739999771,2.369999886,0.07,0.01,113,8,218,1101,3802,0,0,0
8877689391,26/04/2016,11101,8.430000305,8.430000305,1.75999999,0.129999995,0,22,3,258,1157,2860,0,0,0
8877689391,27/04/2016,23629,20.64999962,20.64999962,13.06999969,0.439999998,0,93,8,235,1104,3808,0,0,0
8877689391,28/04/2016,14890,11.30000019,11.30000019,4.929999828,0.379999995,0,58,8,231,1143,3060,0,0,0
8877689391,29/04/2016,9733,7.389999866,7.389999866,1.379999995,0.170000002,0,18,5,210,1207,2698,0,0,0
8877689391,30/04/2016,27745,26.71999931,26.71999931,21.65999985,0.079999998,0,124,4,223,1089,4398,0,0,0
8877689391,01/05/2016,10930,8.319999695,8.319999695,3.130000114,0.569999993,0,36,12,166,1226,2786,0,0,0
8877689391,02/05/2016,4790,3.640000105,3.640000105,0,0,0,0,0,105,1335,2189,0,0,0
8877689391,03/05/2016,10818,8.210000038,8.210000038,1.389999986,0.100000001,0.01,19,3,229,1189,2817,0,0,0
8877689391,04/05/2016,18193,16.29999924,16.29999924,10.42000008,0.310000002,0,66,8,212,1154,3477,0,0,0
8877689391,05/05/2016,14055,10.67000008,10.67000008,5.460000038,0.819999993,0,67,15,188,1170,3052,0,0,0
8877689391,06/05/2016,21727,19.34000015,19.34000015,12.78999996,0.289999992,0,96,17,232,1095,4015,0,0,0
8877689391,07/05/2016,12332,8.130000114,8.130000114,0.079999998,0.959999979,0,105,28,271,1036,4142,0,0,0
8877689391,08/05/2016,10686,8.109999657,8.109999657,1.080000043,0.200000003,0,17,4,245,1174,2847,0,0,0
8877689391,09/05/2016,20226,18.25,18.25,11.10000038,0.800000012,0.050000001,73,19,217,1131,3710,0,0,0
8877689391,10/05/2016,10733,8.149999619,8.149999619,1.350000024,0.460000008,0,18,11,224,1187,2832,0,0,0
8877689391,11/05/2016,21420,19.55999947,19.55999947,13.22000027,0.409999996,0,88,12,213,1127,3832,0,0,0
8877689391,12/05/2016,8064,6.119999886,6.119999886,1.820000052,0.039999999,0,23,1,137,770,1849,0,0,0
